time, step, color, speed, distance, stop, deviation, integral, derivative
100,0,42,90.5,1980, False,4.5,0,4.5
256,0,41,91,2336, False,3.5,0,-1
418,0,17,91.5,2049, False,-20.5,0,-24
558,0,33,92,2019, False,-4.5,0,16
693,0,67,92.5,2282, False,29.5,0,34
837,0,37,93,1936, False,-0.5,0,-30
981,0,6,93.5,1946, False,-31.5,-31.5,-31
1127,0,43,94,1919, False,5.5,0,37
1268,0,77,94.5,1927, False,39.5,39.5,34
1417,0,46,95,1885, False,8.5,0,-31
1557,0,5,95.5,1862, False,-32.5,0,-41
1726,0,36,96,1831, False,-1.5,0,31
1877,0,72,96.5,1843, False,34.5,0,36
2040,0,41,97,1807, False,3.5,0,-31
2199,0,6,97.5,1795, False,-31.5,0,-35
2336,0,22,98,1762, False,-15.5,-15.5,16
2481,0,75,98.5,1748, False,37.5,0,53
2628,0,69,99,1740, False,31.5,31.5,-6
2778,0,10,99.5,1722, False,-27.5,0,-59
2930,0,12,100,1708, False,-25.5,-25.5,2
3077,0,63,100.5,1692, False,25.5,0,51
3247,0,64,101,1676, False,26.5,26.5,1
3391,0,12,101.5,1662, False,-25.5,0,-52
3537,0,6,102,1640, False,-31.5,-31.5,-6
3677,0,55,102.5,1628, False,17.5,0,49
3817,0,69,103,1607, False,31.5,31.5,14
3967,0,13,103.5,1588, False,-24.5,0,-56
4116,0,4,104,1573, False,-33.5,-33.5,-9
4270,0,56,104.5,1558, False,18.5,0,52
4418,0,73,105,1547, False,35.5,35.5,17
4570,0,12,105.5,1528, False,-25.5,0,-61
4720,0,5,106,1511, False,-32.5,-32.5,-7
4864,0,58,106.5,1499, False,20.5,0,53
5001,0,74,107,1482, False,36.5,36.5,16
5159,0,16,107.5,1464, False,-21.5,0,-58
5307,0,5,108,1452, False,-32.5,-32.5,-11
5458,0,46,108.5,1430, False,8.5,0,41
5617,0,68,109,1413, False,30.5,30.5,22
5758,0,21,109.5,1397, False,-16.5,0,-47
5912,0,5,110,1385, False,-32.5,-32.5,-16
6051,0,43,110.5,1381, False,5.5,0,38
6197,0,71,111,1352, False,33.5,33.5,28
6337,0,41,111.5,1352, False,3.5,0,-30
6469,0,8,112,1352, False,-29.5,0,-33
6611,0,53,112.5,1352, False,15.5,0,45
6749,0,78,113,1352, False,40.5,40.5,25
6887,0,78,113.5,1352, False,40.5,81,0
7027,0,78,114,1352, False,40.5,121.5,0
7162,0,79,114.5,1352, False,41.5,163,1
7311,0,78,115,1227, False,40.5,203.5,-1
7448,0,61,115.5,1219, False,23.5,227,-17
7598,0,15,116,1219, False,-22.5,0,-46
7739,0,12,116.5,1210, False,-25.5,-25.5,-3
7877,0,78,117,1183, False,40.5,0,66
8028,0,75,117.5,1164, False,37.5,37.5,-3
8178,0,52,118,1162, False,14.5,52,-23
8317,0,82,118.5,1148, False,44.5,96.5,30
8459,0,83,119,1138, False,45.5,142,1
8600,0,78,119.5,1817, False,40.5,182.5,-5
8732,0,79,120,1799, False,41.5,224,1
8871,0,68,120.5,1779, False,30.5,254.5,-11
9012,0,6,121,1756, False,-31.5,0,-62
9159,0,5,121.5,1741, False,-32.5,-32.5,-1
9297,0,49,122,1726, False,11.5,0,44
9463,0,66,122.5,1714, False,28.5,28.5,17
9618,0,53,123,1687, False,15.5,44,-13
9771,0,62,123.5,1666, False,24.5,68.5,9
9921,0,78,124,1649, False,40.5,109,16
10060,0,78,124.5,1633, False,40.5,149.5,0
10208,0,67,125,1619, False,29.5,179,-11
10352,0,52,125.5,1611, False,14.5,193.5,-15
10492,0,47,126,1607, False,9.5,0,-5
10637,0,77,126.5,1607, False,39.5,39.5,30
10778,0,78,127,2550, False,40.5,80,1
10937,0,70,127.5,2550, False,32.5,112.5,-8
11078,0,43,128,2550, False,5.5,0,-27
11229,0,27,128.5,2550, False,-10.5,0,-16
11362,0,61,129,2550, False,23.5,0,34
11509,0,72,129.5,2550, False,34.5,34.5,11
11644,0,53,130,2550, False,15.5,50,-19
11791,0,15,130,2550, False,-22.5,0,-38
11937,0,16,130,2550, False,-21.5,-21.5,1
12068,0,73,130,2550, False,35.5,0,57
12228,0,70,130,2550, False,32.5,32.5,-3
12380,0,6,130,2550, False,-31.5,0,-64
12528,0,5,130,2550, False,-32.5,-32.5,-1
12678,0,64,130,2550, False,26.5,0,59
12818,0,73,130,2550, False,35.5,35.5,9
12967,0,26,130,2550, False,-11.5,0,-47
13102,0,6,130,2550, False,-31.5,-31.5,-20
13249,0,16,130,2550, False,-21.5,-53,10
13391,0,60,130,2550, False,22.5,0,44
13538,0,71,130,2550, False,33.5,33.5,11
13678,0,13,130,2550, False,-24.5,0,-58
13829,0,7,130,2550, False,-30.5,-30.5,-6
13981,0,71,130,2550, False,33.5,0,64
14121,0,77,130,2550, False,39.5,39.5,6
14261,0,22,130,2550, False,-15.5,0,-55
14410,0,14,130,1797, False,-23.5,-23.5,-8
14551,0,62,130,2370, False,24.5,0,48
14710,0,68,130,1825, False,30.5,30.5,6
14852,0,20,130,1783, False,-17.5,0,-48
14999,0,5,130,1732, False,-32.5,-32.5,-15
15147,0,56,130,1723, False,18.5,0,51
15297,0,69,130,2390, False,31.5,31.5,13
15439,0,18,130,1665, False,-19.5,0,-51
15579,0,6,130,1641, False,-31.5,-31.5,-12
15728,0,41,130,1640, False,3.5,0,35
15871,0,68,130,1678, False,30.5,30.5,27
16007,0,33,130,1616, False,-4.5,0,-35
16152,0,5,130,1572, False,-32.5,-32.5,-28
16298,0,29,130,1558, False,-8.5,0,24
16448,0,77,130,1528, False,39.5,0,48
16580,0,49,130,1529, False,11.5,11.5,-28
16728,0,6,130,1490, False,-31.5,0,-43
16877,0,14,130,1486, False,-23.5,-23.5,8
17027,0,73,130,1486, False,35.5,0,59
17175,0,78,130,1472, False,40.5,40.5,5
17318,0,19,130,1472, False,-18.5,0,-59
17471,0,5,130,1472, False,-32.5,-32.5,-14
17617,0,60,130,1472, False,22.5,0,55
17772,0,79,130,1472, False,41.5,41.5,19
17920,0,28,130,2550, False,-9.5,0,-51
18060,0,5,130,2550, False,-32.5,-32.5,-23
18197,0,18,130,2550, False,-19.5,-52,13
18338,0,62,130,1856, False,24.5,0,44
18497,0,51,130,1408, False,13.5,13.5,-11
18648,0,6,130,2063, False,-31.5,0,-45
18789,0,7,130,2072, False,-30.5,-30.5,1
18931,0,67,130,2047, False,29.5,0,60
19078,0,73,130,1366, False,35.5,35.5,6
19219,0,7,130,2550, False,-30.5,0,-66
19362,0,5,130,2382, False,-32.5,-32.5,-2
19507,0,47,130,2340, False,9.5,0,42
19658,0,61,130,2550, False,23.5,23.5,14
19807,0,26,130,1280, False,-11.5,0,-35
19950,0,18,130,1250, False,-19.5,-19.5,-8
20086,0,73,130,2550, False,35.5,0,55
20219,0,71,130,2230, False,33.5,33.5,-2
20358,0,64,130,2230, False,26.5,60,-7
20500,0,67,130,2227, False,29.5,89.5,3
20643,0,71,130,2227, False,33.5,123,4
20788,0,74,80,336, False,36.5,159.5,3
20928,0,78,80.5,2163, False,40.5,200,4
21077,0,78,81,1122, False,40.5,240.5,0
21209,0,80,81.5,1114, False,42.5,283,2
21349,0,80,82,1062, False,42.5,325.5,0
21480,0,32,82.5,1080, False,-5.5,0,-48
21619,0,5,83,1076, False,-32.5,-32.5,-27
21768,0,15,83.5,1066, False,-22.5,-55,10
21919,0,88,84,1046, False,50.5,0,73
22068,0,79,84.5,1042, False,41.5,41.5,-9
22210,0,37,85,1024, False,-0.5,0,-42
22352,0,34,85.5,1028, False,-3.5,0,-3
22488,0,75,86,1001, False,37.5,0,41
22628,0,74,86.5,998, False,36.5,36.5,-1
22779,0,30,87,979, False,-7.5,0,-44
22942,0,26,87.5,2550, False,-11.5,-11.5,-4
23082,0,79,88,1906, False,41.5,0,53
23228,0,78,88.5,960, False,40.5,40.5,-1
23369,0,70,89,2550, False,32.5,73,-8
23519,0,59,89.5,2550, False,21.5,94.5,-11
23657,0,56,90,2550, False,18.5,113,-3
23790,0,63,90.5,2550, False,25.5,138.5,7
23932,0,52,91,2550, False,14.5,153,-11
24069,0,25,91.5,2550, False,-12.5,0,-27
24221,0,53,92,871, False,15.5,0,28
24362,0,78,92.5,856, False,40.5,40.5,25
24508,0,78,93,864, False,40.5,81,0
24648,0,77,93.5,1152, False,39.5,120.5,-1
24798,0,66,94,2550, False,28.5,149,-11
24967,0,45,94.5,2550, False,7.5,0,-21
25110,0,58,95,2550, False,20.5,20.5,13
25250,0,76,95.5,2550, False,38.5,59,18
25387,0,69,96,2550, False,31.5,90.5,-7
25528,0,20,96.5,2550, False,-17.5,0,-49
25672,0,11,97,2494, False,-26.5,-26.5,-9
25826,0,75,97.5,2473, False,37.5,0,64
25968,0,77,98,2457, False,39.5,39.5,2
26112,0,55,98.5,2456, False,17.5,57,-22
26254,0,30,99,2443, False,-7.5,0,-25
26389,0,40,99.5,2430, False,2.5,0,10
26539,0,69,100,2416, False,31.5,31.5,29
26680,0,59,100.5,2405, False,21.5,53,-10
26827,0,6,101,2390, False,-31.5,0,-53
26969,0,4,101.5,2378, False,-33.5,-33.5,-2
27109,0,70,102,2354, False,32.5,0,66
27251,0,77,102.5,2340, False,39.5,39.5,7
27390,0,21,103,2340, False,-16.5,0,-56
27527,0,6,103.5,2340, False,-31.5,-31.5,-15
27667,0,25,104,2320, False,-12.5,-44,19
27812,0,61,104.5,2306, False,23.5,0,36
27952,0,55,105,2291, False,17.5,17.5,-6
28108,0,15,105.5,2282, False,-22.5,0,-40
28250,0,19,106,2265, False,-18.5,-18.5,4
28392,0,71,106.5,2252, False,33.5,0,52
28532,0,72,107,2230, False,34.5,34.5,1
28672,0,7,107.5,2550, False,-30.5,0,-65
28817,0,5,108,2550, False,-32.5,-32.5,-2
28977,0,66,108.5,2550, False,28.5,0,61
29118,0,67,109,2550, False,29.5,29.5,1
29257,0,13,109.5,2550, False,-24.5,0,-54
29400,0,5,110,2550, False,-32.5,-32.5,-8
29542,0,35,110.5,2550, False,-2.5,0,30
29692,0,57,111,2550, False,19.5,0,22
29860,0,21,111.5,2550, False,-16.5,0,-36
30002,0,6,112,2550, False,-31.5,-31.5,-15
30138,0,49,112.5,2550, False,11.5,0,43
30271,0,70,113,2550, False,32.5,32.5,21
30418,0,24,113.5,2550, False,-13.5,0,-46
30558,0,6,114,2550, False,-31.5,-31.5,-18
30710,0,22,114.5,2550, False,-15.5,-47,16
30868,0,61,115,2550, False,23.5,0,39
31017,0,55,115.5,2550, False,17.5,17.5,-6
31171,0,10,116,2550, False,-27.5,0,-45
31319,0,9,116.5,2550, False,-28.5,-28.5,-1
31460,0,74,117,2550, False,36.5,0,65
31597,0,76,117.5,2550, False,38.5,38.5,2
31754,0,6,118,2550, False,-31.5,0,-70
31922,0,5,118.5,2550, False,-32.5,-32.5,-1
32058,0,75,119,2550, False,37.5,0,70
32197,0,77,119.5,2550, False,39.5,39.5,2
32348,0,30,120,2550, False,-7.5,0,-47
32492,0,14,120.5,2550, False,-23.5,-23.5,-16
32632,0,63,121,2550, False,25.5,0,49
32780,0,74,121.5,1824, False,36.5,36.5,11
32927,0,29,122,2550, False,-8.5,0,-45
33068,0,5,122.5,2550, False,-32.5,-32.5,-24
33212,0,29,123,2550, False,-8.5,0,24
33358,0,70,123.5,1786, False,32.5,0,41
33501,0,38,124,1764, False,0.5,0,-32
33638,0,5,124.5,1764, False,-32.5,0,-33
33781,0,10,125,2550, False,-27.5,-27.5,5
33925,0,64,125.5,1738, False,26.5,0,54
34067,0,74,126,2550, False,36.5,36.5,10
34218,0,16,126.5,2550, False,-21.5,0,-58
34371,0,5,127,1680, False,-32.5,-32.5,-11
34562,0,45,127.5,1672, False,7.5,0,40
34701,0,72,128,1640, False,34.5,34.5,27
34840,0,46,128.5,2550, False,8.5,0,-26
34990,0,6,129,2550, False,-31.5,0,-40
35131,0,26,129.5,1573, False,-11.5,-11.5,20
35270,0,76,130,1571, False,38.5,0,50
35403,0,54,130,1572, False,16.5,16.5,-22
35547,0,16,130,2550, False,-21.5,0,-38
35681,0,46,130,1498, False,8.5,0,30
35821,0,78,130,1474, False,40.5,40.5,32
35960,0,71,130,1456, False,33.5,74,-7
36117,0,53,130,1422, False,15.5,89.5,-18
36261,0,68,130,1444, False,30.5,120,15
36400,0,74,130,2550, False,36.5,156.5,6
36538,0,70,130,2550, False,32.5,189,-4
36696,0,69,130,1422, False,31.5,220.5,-1
36859,0,63,130,2550, False,25.5,246,-6
37002,0,38,130,2550, False,0.5,0,-25
37148,0,19,130,2550, False,-18.5,0,-19
37289,0,76,130,2550, False,38.5,0,57
37436,0,82,130,2550, False,44.5,44.5,6
37576,0,80,130,2550, False,42.5,87,-2
37709,0,73,130,2550, False,35.5,122.5,-7
37851,0,64,130,2550, False,26.5,149,-9
37997,0,48,130,2550, False,10.5,159.5,-16
38142,0,27,130,2550, False,-10.5,0,-21
38288,0,58,130,2550, False,20.5,0,31
38427,0,78,130,2550, False,40.5,40.5,20
38578,0,80,130,2550, False,42.5,83,2
38711,0,79,130,2550, False,41.5,124.5,-1
38851,0,79,130,2550, False,41.5,166,0
38992,0,79,130,2550, False,41.5,207.5,0
39129,0,52,130,2550, False,14.5,222,-27
39281,0,19,130,2550, False,-18.5,0,-33
39427,0,52,130,2550, False,14.5,0,33
39575,0,80,130,2550, False,42.5,42.5,28
39727,0,80,130,2550, False,42.5,85,0
39872,0,75,130,2550, False,37.5,122.5,-5
40047,0,61,130,2550, False,23.5,146,-14
40198,0,37,130,2550, False,-0.5,0,-24
40340,0,21,130,2550, False,-16.5,-16.5,-16
40478,0,54,130,2550, False,16.5,0,33
40627,0,75,130,2550, False,37.5,37.5,21
40777,0,10,130,2550, False,-27.5,0,-65
40919,0,6,130,2550, False,-31.5,-31.5,-4
41061,0,62,130,2550, False,24.5,0,56
41209,0,54,130,2550, False,16.5,16.5,-8
41357,0,15,130,2550, False,-22.5,0,-39
41499,0,11,130,2550, False,-26.5,-26.5,-4
41637,0,58,130,2550, False,20.5,0,47
41780,0,73,130,2550, False,35.5,35.5,15
41927,0,18,130,2550, False,-19.5,0,-55
42069,0,6,130,2550, False,-31.5,-31.5,-12
42219,0,76,130,2550, False,38.5,0,70
42358,0,78,130,2550, False,40.5,40.5,2
42488,0,4,130,2550, False,-33.5,0,-74
42652,0,7,130,2550, False,-30.5,-30.5,3
42801,0,72,130,2550, False,34.5,0,65
42958,0,77,130,2550, False,39.5,39.5,5
43100,0,14,130,2550, False,-23.5,0,-63
43249,0,5,130,2550, False,-32.5,-32.5,-9
43408,0,48,130,2550, False,10.5,0,43
43558,0,70,130,2550, False,32.5,32.5,22
43711,0,18,130,2550, False,-19.5,0,-52
43867,0,5,130,2550, False,-32.5,-32.5,-13
44000,0,65,130,2550, False,27.5,0,60
44141,0,71,130,2550, False,33.5,33.5,6
44289,0,15,130,2550, False,-22.5,0,-56
44432,0,5,130,2550, False,-32.5,-32.5,-10
44602,0,54,130,1875, False,16.5,0,49
44757,0,70,130,1864, False,32.5,32.5,16
44911,0,10,130,2550, False,-27.5,0,-60
45091,0,5,130,2550, False,-32.5,-32.5,-5
45252,0,72,130,1799, False,34.5,0,67
45388,0,81,130,1793, False,43.5,43.5,9
45522,0,59,130,1793, False,21.5,65,-22
45662,0,8,130,1793, False,-29.5,0,-51
45798,0,11,130,1793, False,-26.5,-26.5,3
45942,0,70,130,1793, False,32.5,0,59
46089,0,68,130,1793, False,30.5,30.5,-2
46228,0,14,130,1793, False,-23.5,0,-54
46371,0,6,130,1793, False,-31.5,-31.5,-8
46511,0,67,130,1793, False,29.5,0,61
46661,0,80,80,326, False,42.5,42.5,13
46807,0,49,80,326, False,11.5,54,-31
46959,0,10,80.5,1607, False,-27.5,0,-39
47101,0,30,81,1580, False,-7.5,0,20
47242,0,69,81.5,1740, False,31.5,0,39
47391,0,50,82,1536, False,12.5,12.5,-19
47533,0,8,82.5,1529, False,-29.5,0,-42
47678,0,6,83,1503, False,-31.5,-31.5,-2
47819,0,61,83.5,2155, False,23.5,0,55
47958,0,72,84,2130, False,34.5,34.5,11
48110,0,8,84.5,1490, False,-29.5,0,-64
48260,0,5,85,1468, False,-32.5,-32.5,-3
48398,0,38,85.5,1426, False,0.5,0,33
48547,0,46,86,1404, False,8.5,0,8
48688,0,22,86.5,1464, False,-15.5,0,-24
48829,0,11,87,1438, False,-26.5,-26.5,-11
48987,0,50,87.5,1397, False,12.5,0,39
49128,0,74,88,1252, False,36.5,36.5,24
49278,0,30,88.5,1351, False,-7.5,0,-44
49419,0,14,89,1464, False,-23.5,-23.5,-16
49589,0,13,89.5,1361, False,-24.5,-48,-1
49741,0,66,90,1330, False,28.5,0,53
49880,0,78,90.5,1174, False,40.5,40.5,12
50017,0,72,91,1330, False,34.5,75,-6
50157,0,53,91.5,1406, False,15.5,90.5,-19
50301,0,39,92,1380, False,1.5,0,-14
50441,0,70,92.5,1370, False,32.5,32.5,31
50592,0,82,93,1378, False,44.5,77,12
50748,0,80,93.5,1343, False,42.5,119.5,-2
50882,0,61,94,1332, False,23.5,143,-19
51020,0,16,94.5,2550, False,-21.5,0,-45
51159,0,12,95,2550, False,-25.5,-25.5,-4
51302,0,81,95.5,1336, False,43.5,0,69
51450,0,79,96,1309, False,41.5,41.5,-2
51599,0,81,96.5,1278, False,43.5,85,2
51750,0,80,97,2550, False,42.5,127.5,-1
51892,0,79,97.5,2550, False,41.5,169,-1
52034,0,69,98,2550, False,31.5,200.5,-10
52179,0,15,98.5,2550, False,-22.5,0,-54
52328,0,14,99,2550, False,-23.5,-23.5,-1
52471,0,80,99.5,2550, False,42.5,0,66
52631,0,78,100,2550, False,40.5,40.5,-2
52798,0,69,100.5,2550, False,31.5,72,-9
52940,0,57,101,2550, False,19.5,91.5,-12
53080,0,46,101.5,2550, False,8.5,0,-11
53210,0,60,102,2550, False,22.5,22.5,14
53368,0,75,102.5,2550, False,37.5,60,15
53507,0,65,103,2550, False,27.5,87.5,-10
53650,0,43,103.5,2550, False,5.5,0,-22
53810,0,67,104,2550, False,29.5,29.5,24
53957,0,76,104.5,1267, False,38.5,68,9
54109,0,74,105,2550, False,36.5,104.5,-2
54259,0,68,105.5,2550, False,30.5,135,-6
54400,0,56,106,2550, False,18.5,153.5,-12
54547,0,44,106.5,2550, False,6.5,0,-12
54692,0,55,107,2550, False,17.5,17.5,11
54831,0,76,107.5,2550, False,38.5,56,21
54988,0,73,108,2550, False,35.5,91.5,-3
55140,0,67,108.5,2550, False,29.5,121,-6
55282,0,58,109,2550, False,20.5,141.5,-9
55427,0,35,109.5,2550, False,-2.5,0,-23
55588,0,41,110,2550, False,3.5,0,6
55730,0,61,110.5,2550, False,23.5,23.5,20
55871,0,39,111,2550, False,1.5,0,-22
56010,0,17,111.5,2550, False,-20.5,0,-22
56149,0,58,112,2550, False,20.5,0,41
56290,0,79,112.5,2550, False,41.5,41.5,21
56426,0,37,113,2550, False,-0.5,0,-42
56559,0,5,113.5,2471, False,-32.5,-32.5,-32
56700,0,41,114,2412, False,3.5,0,36
56859,0,71,114.5,2550, False,33.5,33.5,30
57018,0,21,115,2550, False,-16.5,0,-50
57158,0,5,115.5,2550, False,-32.5,-32.5,-16
57299,0,15,116,2367, False,-22.5,-55,10
57452,0,53,116.5,2378, False,15.5,0,38
57597,0,67,117,2271, False,29.5,29.5,14
57748,0,24,117.5,2550, False,-13.5,0,-43
57886,0,6,118,2299, False,-31.5,-31.5,-18
58021,0,49,118.5,2213, False,11.5,0,43
58168,0,70,119,2550, False,32.5,32.5,21
58310,0,33,119.5,2550, False,-4.5,0,-37
58450,0,6,120,2550, False,-31.5,-31.5,-27
58601,0,35,120.5,2214, False,-2.5,0,29
58748,0,74,121,2181, False,36.5,0,39
58878,0,52,121.5,2550, False,14.5,14.5,-22
59041,0,6,122,2132, False,-31.5,0,-46
59199,0,32,122.5,2114, False,-5.5,0,26
59351,0,77,123,2550, False,39.5,0,45
59487,0,60,123.5,2382, False,22.5,22.5,-17
59639,0,8,124,2366, False,-29.5,0,-52
59790,0,14,124.5,2231, False,-23.5,-23.5,6
59937,0,78,125,2185, False,40.5,0,64
60081,0,74,125.5,1989, False,36.5,36.5,-4
60238,0,5,126,1927, False,-32.5,0,-69
60388,0,5,126.5,1909, False,-32.5,-32.5,0
60527,0,67,127,1892, False,29.5,0,62
60668,0,77,127.5,1900, False,39.5,39.5,10
60818,0,11,128,1843, False,-26.5,0,-66
60950,0,6,128.5,1829, False,-31.5,-31.5,-5
61093,0,42,129,1805, False,4.5,0,36
61230,0,68,129.5,1791, False,30.5,30.5,26
61368,0,33,130,1771, False,-4.5,0,-35
61501,0,9,130,1748, False,-28.5,-28.5,-24
61641,0,11,130,1730, False,-26.5,-55,2
61800,0,57,130,1706, False,19.5,0,46
61951,0,69,130,1694, False,31.5,31.5,12
62093,0,16,130,1671, False,-21.5,0,-53
62246,0,5,130,1656, False,-32.5,-32.5,-11
62392,0,73,130,1627, False,35.5,0,68
62541,0,75,130,1611, False,37.5,37.5,2
62686,0,22,130,1588, False,-15.5,0,-53
62849,0,5,130,1567, False,-32.5,-32.5,-17
63009,0,65,130,1551, False,27.5,0,60
63160,0,73,130,1535, False,35.5,35.5,8
63308,0,17,130,1512, False,-20.5,0,-56
63469,0,6,130,1489, False,-31.5,-31.5,-11
63619,0,59,130,1482, False,21.5,0,53
63779,0,72,130,1448, False,34.5,34.5,13
63952,0,18,130,1421, False,-19.5,0,-54
64127,0,5,130,1399, False,-32.5,-32.5,-13
64312,0,64,130,1376, False,26.5,0,59
64460,0,76,130,1360, False,38.5,38.5,12
64600,0,15,130,1360, False,-22.5,0,-61
64767,0,16,130,1360, False,-21.5,-21.5,1
64908,0,77,130,1360, False,39.5,0,61
65056,0,78,130,1360, False,40.5,40.5,1
65208,0,79,130,1360, False,41.5,82,1
65347,0,81,130,1246, False,43.5,125.5,2
65489,0,79,130,1219, False,41.5,167,-2
65657,0,79,130,1199, False,41.5,208.5,0
65798,0,79,130,1187, False,41.5,250,0
65940,0,76,130,1183, False,38.5,288.5,-3
66079,0,77,130,1164, False,39.5,328,1
66239,0,75,130,1866, False,37.5,365.5,-2
66381,0,5,130,1842, False,-32.5,0,-70
66537,0,5,130,1817, False,-32.5,-32.5,0
66682,0,10,130,1801, False,-27.5,-60,5
66837,0,20,130,1779, False,-17.5,-77.5,10
66968,0,66,130,1767, False,28.5,0,46
67122,0,70,130,1752, False,32.5,32.5,4
67267,0,71,130,1726, False,33.5,66,1
67417,0,71,130,1706, False,33.5,99.5,0
67560,0,69,130,1688, False,31.5,131,-2
67701,0,74,130,1662, False,36.5,167.5,5
67869,0,76,130,1648, False,38.5,206,2
68011,0,37,130,1638, False,-0.5,0,-39
68148,0,23,130,1625, False,-14.5,-14.5,-14
68306,0,78,130,1597, False,40.5,0,55
68448,0,80,130,1581, False,42.5,42.5,2
68581,0,80,130,1569, False,42.5,85,0
68728,0,78,130,1563, False,40.5,125.5,-2
68886,0,79,130,1551, False,41.5,167,1
69047,0,75,130,2550, False,37.5,204.5,-4
69188,0,73,130,2550, False,35.5,240,-2
69337,0,44,130,2550, False,6.5,0,-29
69497,0,5,130,2550, False,-32.5,0,-39
69630,0,5,130,2550, False,-32.5,-32.5,0
69772,0,29,130,2550, False,-8.5,0,24
69927,0,42,130,2550, False,4.5,0,13
70072,0,24,130,2550, False,-13.5,0,-18
70227,0,10,130,2550, False,-27.5,-27.5,-14
70398,0,50,130,2550, False,12.5,0,40
70542,0,69,130,2550, False,31.5,31.5,19
70691,0,14,130,2550, False,-23.5,0,-55
70827,0,4,130,2550, False,-33.5,-33.5,-10
70971,0,48,130,2550, False,10.5,0,44
71118,0,68,130,2550, False,30.5,30.5,20
71258,0,50,130,2550, False,12.5,43,-18
71417,0,7,130,2550, False,-30.5,0,-43
71559,0,12,130,2550, False,-25.5,-25.5,5
71701,0,55,130,2550, False,17.5,0,43
71850,0,58,130,1876, False,20.5,20.5,3
71988,0,15,130,2550, False,-22.5,0,-43
72131,0,7,130,2550, False,-30.5,-30.5,-8
72276,0,58,130,2380, False,20.5,0,51
72422,0,73,130,2550, False,35.5,35.5,15
72567,0,46,130,2495, False,8.5,0,-27
72717,0,8,130,1762, False,-29.5,0,-38
72850,0,32,130,1726, False,-5.5,0,24
72999,0,83,130,2550, False,45.5,0,51
73149,0,43,130,1687, False,5.5,0,-40
73299,0,5,130,1668, False,-32.5,0,-38
73439,0,8,130,1648, False,-29.5,-29.5,3
73580,0,45,130,2350, False,7.5,0,37
73717,0,66,130,2288, False,28.5,28.5,21
73878,0,17,130,1603, False,-20.5,0,-49
74019,0,5,130,1566, False,-32.5,-32.5,-12
74161,0,52,130,1577, False,14.5,0,47
74315,0,76,130,1557, False,38.5,38.5,24
74459,0,17,130,1520, False,-20.5,0,-59
74596,0,6,130,1520, False,-31.5,-31.5,-11
74757,0,41,130,1520, False,3.5,0,35
74901,0,57,130,1520, False,19.5,19.5,16
75038,0,16,130,1520, False,-21.5,0,-41
75180,0,7,130,1520, False,-30.5,-30.5,-9
75321,0,66,130,1520, False,28.5,0,59
75485,0,78,130,1520, False,40.5,40.5,12
75628,0,7,130,1520, False,-30.5,0,-71
75768,0,6,130,1366, False,-31.5,-31.5,-1
75908,0,38,130,1490, False,0.5,0,32
76040,0,64,130,1490, False,26.5,26.5,26
76187,0,25,130,1420, False,-12.5,0,-39
76347,0,6,130,1421, False,-31.5,-31.5,-19
76490,0,48,130,1397, False,10.5,0,42
76641,0,75,130,1413, False,37.5,37.5,27
76781,0,36,130,2550, False,-1.5,0,-39
76927,0,6,130,1468, False,-31.5,-31.5,-30
77078,0,33,130,2550, False,-4.5,0,27
77218,0,75,130,1341, False,37.5,0,42
77360,0,61,130,2343, False,23.5,23.5,-14
77517,0,17,130,1716, False,-20.5,0,-44
77657,0,10,130,1305, False,-27.5,-27.5,-7
77800,0,79,130,1262, False,41.5,0,69
77941,0,74,130,1227, False,36.5,36.5,-5
78080,0,70,130,2261, False,32.5,69,-4
78220,0,69,130,2243, False,31.5,100.5,-1
78360,0,68,130,2243, False,30.5,131,-1
78492,0,71,130,2243, False,33.5,164.5,3
78657,0,72,130,1942, False,34.5,199,1
78800,0,75,130,1160, False,37.5,236.5,3
78947,0,79,130,1121, False,41.5,278,4
79118,0,61,130,1092, False,23.5,301.5,-18
79261,0,6,130,1080, False,-31.5,0,-55
79403,0,13,130,1058, False,-24.5,-24.5,7
79547,0,82,130,1036, False,44.5,0,69
79688,0,78,130,1024, False,40.5,40.5,-4
79822,0,61,130,1000, False,23.5,64,-17
79980,0,49,130,998, False,11.5,75.5,-12
80128,0,67,130,978, False,29.5,105,18
80278,0,77,130,976, False,39.5,144.5,10
80417,0,45,130,2550, False,7.5,0,-32
80558,0,16,130,2550, False,-21.5,0,-29
80705,0,79,130,2550, False,41.5,0,63
80858,0,79,130,2018, False,41.5,41.5,0
80991,0,76,130,2550, False,38.5,80,-3
81130,0,78,130,853, False,40.5,120.5,2
81267,0,79,130,827, False,41.5,162,1
81400,0,79,130,826, False,41.5,203.5,0
81550,0,78,130,2550, False,40.5,244,-1
81702,0,74,130,2550, False,36.5,280.5,-4
81833,0,72,130,2550, False,34.5,315,-2
81980,0,68,130,2550, False,30.5,345.5,-4
82128,0,9,130,2550, False,-28.5,0,-59
82269,0,5,130,2550, False,-32.5,-32.5,-4
82408,0,5,130,2485, False,-32.5,-65,0
82548,0,5,130,2449, False,-32.5,-97.5,0
82692,0,6,130,2431, False,-31.5,-129,1
82827,0,29,130,2404, False,-8.5,0,23
82969,0,74,130,2374, False,36.5,0,45
83121,0,72,130,2359, False,34.5,34.5,-2
83268,0,6,130,2351, False,-31.5,0,-66
83411,0,5,130,2342, False,-32.5,-32.5,-1
83580,0,49,130,2313, False,11.5,0,44
83748,0,53,130,2297, False,15.5,15.5,4
83899,0,18,130,2290, False,-19.5,0,-35
84058,0,14,130,2267, False,-23.5,-23.5,-4
84191,0,67,130,2249, False,29.5,0,53
84328,0,74,130,2249, False,36.5,36.5,7
84470,0,41,130,2231, False,3.5,0,-33
84619,0,15,130,2550, False,-22.5,0,-26
84769,0,43,130,2550, False,5.5,0,28
84911,0,73,130,2550, False,35.5,35.5,30
85068,0,30,130,2550, False,-7.5,0,-43
85218,0,9,130,2550, False,-28.5,-28.5,-21
85358,0,47,130,2550, False,9.5,0,38
85510,0,68,130,2550, False,30.5,30.5,21
85657,0,14,130,2550, False,-23.5,0,-54
85792,0,5,130,2550, False,-32.5,-32.5,-9
85947,0,41,130,2550, False,3.5,0,36
86081,0,69,130,2550, False,31.5,31.5,28
86213,0,33,130,2550, False,-4.5,0,-36
86374,0,5,130,2550, False,-32.5,-32.5,-28
86509,0,26,130,2550, False,-11.5,-44,21
86656,0,74,130,2550, False,36.5,0,48
86800,0,71,130,2550, False,33.5,33.5,-3
86942,0,8,130,2550, False,-29.5,0,-63
87085,0,5,130,2550, False,-32.5,-32.5,-3
87232,0,58,130,2550, False,20.5,0,53
87362,0,70,130,2550, False,32.5,32.5,12
87516,0,28,130,2550, False,-9.5,0,-42
87657,0,8,130,2550, False,-29.5,-29.5,-20
87807,0,47,130,2253, False,9.5,0,39
87949,0,72,130,1839, False,34.5,34.5,25
88098,0,28,130,1821, False,-9.5,0,-44
88243,0,5,130,2550, False,-32.5,-32.5,-23
88387,0,39,130,2550, False,1.5,0,34
88526,0,68,130,1794, False,30.5,30.5,29
88661,0,22,130,1787, False,-15.5,0,-46
88801,0,5,80,326, False,-32.5,-32.5,-17
88940,0,49,80.5,2550, False,11.5,0,44
89077,0,69,81,2550, False,31.5,31.5,20
89221,0,29,81.5,1718, False,-8.5,0,-40
89361,0,6,82,2550, False,-31.5,-31.5,-23
89513,0,57,82.5,2550, False,19.5,0,51
89662,0,78,83,2550, False,40.5,40.5,21
89806,0,60,83.5,2550, False,22.5,63,-18
89952,0,6,84,1657, False,-31.5,0,-54
90102,0,5,84.5,2550, False,-32.5,-32.5,-1
90247,0,40,85,2550, False,2.5,0,35
90389,0,51,85.5,1632, False,13.5,13.5,11
90521,0,12,86,2550, False,-25.5,0,-39
90659,0,8,86.5,2550, False,-29.5,-29.5,-4
90808,0,69,87,1597, False,31.5,0,61
90942,0,75,87.5,2550, False,37.5,37.5,6
91092,0,11,88,1573, False,-26.5,0,-64
91238,0,5,88.5,2550, False,-32.5,-32.5,-6
91381,0,53,89,1559, False,15.5,0,48
91532,0,80,89.5,1551, False,42.5,42.5,27
91682,0,45,90,1513, False,7.5,0,-35
91819,0,6,90.5,1509, False,-31.5,0,-39
91970,0,39,91,1490, False,1.5,0,33
92106,0,77,91.5,1456, False,39.5,39.5,38
92248,0,74,92,1472, False,36.5,76,-3
92399,0,73,92.5,2550, False,35.5,111.5,-1
92537,0,53,93,1452, False,15.5,127,-20
92678,0,26,93.5,1448, False,-11.5,0,-27
92815,0,46,94,2550, False,8.5,0,20
92951,0,75,94.5,2550, False,37.5,37.5,29
93092,0,74,95,2550, False,36.5,74,-1
93228,0,72,95.5,2550, False,34.5,108.5,-2
93381,0,72,96,2550, False,34.5,143,0
93522,0,71,96.5,2550, False,33.5,176.5,-1
93678,0,60,97,1777, False,22.5,199,-11
93819,0,33,97.5,1748, False,-4.5,0,-27
93978,0,28,98,1734, False,-9.5,0,-5
94122,0,76,98.5,2550, False,38.5,0,48
94262,0,75,99,2550, False,37.5,37.5,-1
94411,0,79,99.5,2550, False,41.5,79,4
94551,0,43,100,2550, False,5.5,0,-36
94693,0,29,100.5,2550, False,-8.5,0,-14
94844,0,75,101,2550, False,37.5,0,46
94982,0,78,101.5,2550, False,40.5,40.5,3
95141,0,77,102,2550, False,39.5,80,-1
95287,0,69,102.5,2550, False,31.5,111.5,-8
95438,0,53,103,2550, False,15.5,127,-16
95608,0,48,103.5,2550, False,10.5,137.5,-5
95761,0,58,104,2550, False,20.5,158,10
95912,0,58,104.5,2214, False,20.5,178.5,0
96057,0,24,105,2550, False,-13.5,0,-34
96199,0,14,105.5,2550, False,-23.5,-23.5,-10
96378,0,80,106,2550, False,42.5,0,66
96518,0,79,106.5,2550, False,41.5,41.5,-1
96660,0,83,107,2550, False,45.5,87,4
96820,0,70,107.5,2550, False,32.5,119.5,-13
96954,0,80,108,2550, False,42.5,162,10
97108,0,81,108.5,2102, False,43.5,205.5,1
97267,0,66,109,2550, False,28.5,234,-15
97411,0,9,109.5,2550, False,-28.5,0,-57
97567,0,6,110,2550, False,-31.5,-31.5,-3
97717,0,72,110.5,2550, False,34.5,0,66
97872,0,78,111,2550, False,40.5,40.5,6
98027,0,26,111.5,2550, False,-11.5,0,-52
98178,0,5,112,2550, False,-32.5,-32.5,-21
98322,0,70,112.5,2550, False,32.5,0,65
98478,0,81,113,2550, False,43.5,43.5,11
98645,0,23,113.5,2550, False,-14.5,0,-58
98797,0,6,114,2550, False,-31.5,-31.5,-17
98945,0,60,114.5,2550, False,22.5,0,54
99087,0,70,115,2550, False,32.5,32.5,10
99233,0,49,115.5,2550, False,11.5,44,-21
99380,0,14,116,2550, False,-23.5,0,-35
99542,0,19,116.5,2550, False,-18.5,-18.5,5
99692,0,62,117,2550, False,24.5,0,43
99838,0,67,117.5,2550, False,29.5,29.5,5
99998,0,8,118,2550, False,-29.5,0,-59
100158,0,6,118.5,2550, False,-31.5,-31.5,-2
100321,0,54,119,2550, False,16.5,0,48
100461,0,79,119.5,2550, False,41.5,41.5,25
100600,0,29,120,2550, False,-8.5,0,-50
100747,0,5,120.5,2550, False,-32.5,-32.5,-24
100898,0,29,121,2550, False,-8.5,0,24
101052,0,70,121.5,2550, False,32.5,0,41
101208,0,42,122,2550, False,4.5,0,-28
101357,0,5,122.5,2550, False,-32.5,0,-37
101516,0,23,123,2550, False,-14.5,-14.5,18
101661,0,75,123.5,2550, False,37.5,0,52
101811,0,75,124,2550, False,37.5,37.5,0
101950,0,9,124.5,2550, False,-28.5,0,-66
102088,0,10,125,2550, False,-27.5,-27.5,1
102238,0,75,125.5,2550, False,37.5,0,65
102400,0,70,126,2550, False,32.5,32.5,-5
102559,0,4,126.5,2550, False,-33.5,0,-66
102688,0,5,127,2550, False,-32.5,-32.5,1
102829,0,29,127.5,2550, False,-8.5,0,24
102968,0,37,128,2550, False,-0.5,0,8
103108,0,22,128.5,2550, False,-15.5,-15.5,-15
103269,0,33,129,2550, False,-4.5,0,11
103422,0,65,129.5,2550, False,27.5,0,32
103590,0,60,130,2550, False,22.5,22.5,-5
103724,0,17,130,2550, False,-20.5,0,-43
103869,0,6,130,2550, False,-31.5,-31.5,-11
104017,0,49,130,2550, False,11.5,0,43
104161,0,73,130,2550, False,35.5,35.5,24
104320,0,27,130,2550, False,-10.5,0,-46
104458,0,6,130,2550, False,-31.5,-31.5,-21
104597,0,52,80,331, False,14.5,0,46
104740,0,80,80,326, False,42.5,42.5,28
104916,0,11,80.5,2550, False,-26.5,0,-69
105088,0,5,81,2550, False,-32.5,-32.5,-6
105240,0,64,81.5,2550, False,26.5,0,59
105380,0,70,82,1627, False,32.5,32.5,6
105515,0,17,82.5,2550, False,-20.5,0,-53
105661,0,5,83,2550, False,-32.5,-32.5,-12
105807,0,49,83.5,1611, False,11.5,0,44
105951,0,73,84,1549, False,35.5,35.5,24
106092,0,28,84.5,2550, False,-9.5,0,-45
106230,0,6,85,2550, False,-31.5,-31.5,-22
106377,0,19,85.5,1919, False,-18.5,-50,13
106521,0,60,86,2550, False,22.5,0,41
106661,0,67,86.5,1455, False,29.5,29.5,7
106812,0,8,87,2550, False,-29.5,0,-59
106954,0,5,87.5,2550, False,-32.5,-32.5,-3
107093,0,67,88,1387, False,29.5,0,62
107238,0,76,88.5,1361, False,38.5,38.5,9
107379,0,24,89,2550, False,-13.5,0,-52
107517,0,24,89.5,2550, False,-13.5,-13.5,0
107668,0,14,90,1349, False,-23.5,-37,-10
107808,0,40,90.5,1309, False,2.5,0,26
107949,0,78,91,1191, False,40.5,40.5,38
108098,0,60,91.5,1372, False,22.5,63,-18
108240,0,11,92,2550, False,-26.5,0,-49
108392,0,52,92.5,2550, False,14.5,0,41
108532,0,80,93,2550, False,42.5,42.5,28
108669,0,82,93.5,2396, False,44.5,87,2
108821,0,81,94,2550, False,43.5,130.5,-1
108960,0,78,94.5,1809, False,40.5,171,-3
109098,0,39,95,1825, False,1.5,0,-39
109240,0,9,95.5,1813, False,-28.5,0,-30
109379,0,78,96,1646, False,40.5,0,69
109520,0,80,96.5,1619, False,42.5,42.5,2
109658,0,79,97,1642, False,41.5,84,-1
109792,0,78,97.5,1627, False,40.5,124.5,-1
109924,0,71,98,1736, False,33.5,158,-7
110070,0,26,98.5,2550, False,-11.5,0,-45
110230,0,33,99,1611, False,-4.5,0,7
110370,0,79,99.5,2550, False,41.5,0,46
110511,0,77,100,2550, False,39.5,39.5,-2
110644,0,37,100.5,1579, False,-0.5,0,-40
110785,0,26,101,2550, False,-11.5,-11.5,-11
110918,0,75,101.5,2550, False,37.5,0,49
111068,0,74,102,1511, False,36.5,36.5,-1
111221,0,76,102.5,1491, False,38.5,75,2
111358,0,73,103,2550, False,35.5,110.5,-3
111501,0,58,103.5,2550, False,20.5,131,-15
111657,0,40,104,2550, False,2.5,0,-18
111800,0,59,104.5,2550, False,21.5,21.5,19
111940,0,75,105,2550, False,37.5,59,16
112088,0,73,105.5,2550, False,35.5,94.5,-2
112230,0,66,106,945, False,28.5,123,-7
112378,0,55,106.5,921, False,17.5,140.5,-11
112518,0,53,107,903, False,15.5,156,-2
112659,0,63,107.5,885, False,25.5,181.5,10
112807,0,45,108,869, False,7.5,0,-18
112947,0,13,108.5,849, False,-24.5,0,-32
113088,0,63,109,835, False,25.5,0,50
113231,0,74,109.5,825, False,36.5,36.5,11
113370,0,74,110,802, False,36.5,73,0
113517,0,70,110.5,784, False,32.5,105.5,-4
113680,0,55,111,766, False,17.5,123,-15
113817,0,22,111.5,756, False,-15.5,0,-33
113986,0,22,112,742, False,-15.5,-15.5,0
114157,0,65,112.5,728, False,27.5,0,43
114338,0,52,113,705, False,14.5,14.5,-13
114490,0,6,113.5,687, False,-31.5,0,-46
114639,0,9,114,670, False,-28.5,-28.5,3
114781,0,80,114.5,654, False,42.5,0,71
114927,0,76,115,634, False,38.5,38.5,-4
115069,0,33,115.5,624, False,-4.5,0,-43
115222,0,12,90,599, False,-25.5,-25.5,-21
115368,0,52,90,581, False,14.5,0,40
115508,0,67,90,573, False,29.5,29.5,15
115660,0,43,90,554, False,5.5,0,-24
115801,0,5,90,551, False,-32.5,0,-38
115948,0,18,89,538, False,-19.5,-19.5,13
116092,0,67,88,519, False,29.5,0,49
116228,0,67,87,506, False,29.5,29.5,0
116372,0,11,80,491, False,-26.5,0,-56
116520,0,6,80,483, False,-31.5,-31.5,-5
116659,0,75,80,464, False,37.5,0,69
116798,0,79,80,456, False,41.5,41.5,4
116938,0,15,80,443, False,-22.5,0,-64
117079,0,5,80,433, False,-32.5,-32.5,-10
117222,0,39,80,420, False,1.5,0,34
117368,0,69,80,412, True,1.5,0,34
117510,0,45,80,392, True,1.5,0,34
117660,0,35,80,397, True,1.5,0,34
117810,0,36,80,397, True,1.5,0,34
117950,0,36,80,397, True,1.5,0,34
118102,0,36,80,397, True,1.5,0,34
118239,0,36,80,397, True,1.5,0,34
118397,1,36,80,397, False,-1.5,0,-3
118534,1,35,80,397, False,-2.5,0,-1
118687,1,26,80,380, False,-11.5,-11.5,-9
118839,1,5,80,372, False,-32.5,-44,-21
118979,1,5,80,362, False,-32.5,-76.5,0
119118,1,5,80,348, False,-32.5,-109,0
119268,1,6,80,338, False,-31.5,-140.5,1
119409,1,5,80,328, False,-32.5,-32.5,-1
119558,1,6,80,321, False,-31.5,-64,1
119700,1,6,80,321, False,-31.5,-95.5,0
119840,1,5,80,320, False,-32.5,-128,-1
119980,1,4,80,304, False,-33.5,-161.5,-1
120118,1,6,80,320, False,-31.5,-193,2
120260,1,5,80,326, False,-32.5,-225.5,-1
120400,1,14,80,326, False,-23.5,-249,9
120540,1,11,80,326, False,-26.5,-26.5,-3
120690,1,5,80,1957, False,-32.5,-59,-6
120828,1,6,80,2550, False,-31.5,-90.5,1
120971,1,6,80,2550, False,-31.5,-122,0
121117,1,6,80,2550, False,-31.5,-153.5,0
121267,1,16,80,2550, False,-21.5,-175,10
121402,1,5,80,2388, False,-32.5,-207.5,-11
121548,1,6,80,2378, False,-31.5,-239,1
121711,1,6,80,2365, False,-31.5,-270.5,0
121851,1,6,80,2550, False,-31.5,-302,0
122007,1,6,80,2550, False,-31.5,-333.5,0
122148,1,6,80,2550, False,-31.5,-365,0
122287,1,5,80,2550, False,-32.5,-397.5,-1
122421,1,6,80,2550, False,-31.5,-429,1
122561,1,5,80,2550, False,-32.5,-461.5,-1
122698,1,6,80,2550, False,-31.5,-493,1
122850,1,29,80,2550, False,-8.5,0,23
122991,2,73,80.5,2550, False,35.5,0,44
123129,2,74,81,2550, False,36.5,36.5,1
123280,2,78,81.5,2550, False,40.5,77,4
123418,2,79,82,2550, False,41.5,118.5,1
123558,2,79,82.5,2550, False,41.5,160,0
123711,2,79,83,2550, False,41.5,201.5,0
123859,2,74,83.5,2550, False,36.5,238,-5
124008,2,76,84,2550, False,38.5,276.5,2
124159,2,78,84.5,2550, False,40.5,317,2
124300,2,75,85,1754, False,37.5,354.5,-3
124449,2,76,85.5,1754, False,38.5,393,1
124595,2,74,86,1680, False,36.5,429.5,-2
124747,2,76,86.5,1680, False,38.5,468,2
124897,2,76,87,1680, False,38.5,506.5,0
125045,2,72,87.5,1680, False,34.5,541,-4
125188,2,5,88,2336, False,-32.5,0,-67
125341,2,5,80,191, False,-32.5,-32.5,0
125477,2,4,80.5,2550, False,-33.5,-66,-1
125612,2,5,81,1628, False,-32.5,-98.5,1
125756,2,7,81.5,1603, False,-30.5,-129,2
125898,2,6,82,1597, False,-31.5,-160.5,-1
126049,2,6,82.5,1615, False,-31.5,-192,0
126188,2,5,83,1555, False,-32.5,-224.5,-1
126331,2,5,83.5,1539, False,-32.5,-257,0
126480,2,5,84,1527, False,-32.5,-289.5,0
126620,2,6,84.5,1509, False,-31.5,-321,1
126797,2,6,85,1495, False,-31.5,-352.5,0
126969,2,25,85.5,1480, False,-12.5,-365,19
127132,2,77,86,1478, False,39.5,0,52
127298,2,74,86.5,1482, False,36.5,36.5,-3
127451,2,74,87,1450, False,36.5,73,0
127622,2,75,87.5,1434, False,37.5,110.5,1
127771,2,75,88,1190, False,37.5,148,0
127908,2,78,88.5,1404, False,40.5,188.5,3
128049,2,80,89,1388, False,42.5,231,2
128187,2,55,89.5,1381, False,17.5,248.5,-25
128329,2,6,90,1368, False,-31.5,0,-49
128471,2,6,90.5,1358, False,-31.5,-31.5,0
128618,2,6,91,1341, False,-31.5,-63,0
128768,2,5,91.5,1341, False,-32.5,-95.5,-1
128937,2,5,92,1341, False,-32.5,-128,0
129074,2,6,92.5,1341, False,-31.5,-159.5,1
129218,2,6,93,1341, False,-31.5,-191,0
129364,2,6,93.5,1341, False,-31.5,-222.5,0
129507,2,5,94,1267, False,-32.5,-255,-1
129647,2,7,94.5,1259, False,-30.5,-285.5,2
129807,2,8,95,1255, False,-29.5,-315,1
129949,2,34,95.5,1786, False,-3.5,0,26
130099,2,52,96,1778, False,14.5,0,18
130258,2,6,96.5,1632, False,-31.5,0,-46
130402,2,5,97,1744, False,-32.5,-32.5,-1
130561,2,15,97.5,1732, False,-22.5,-55,10
130712,2,4,98,1714, False,-33.5,-88.5,-11
130851,2,6,98.5,1706, False,-31.5,-120,2
130990,2,5,99,1694, False,-32.5,-152.5,-1
131140,2,5,99.5,1680, False,-32.5,-185,0
131280,2,5,100,1666, False,-32.5,-217.5,0
131440,2,5,100.5,1656, False,-32.5,-250,0
131592,2,5,101,1686, False,-32.5,-282.5,0
131747,2,5,101.5,2550, False,-32.5,-315,0
131899,2,5,102,2550, False,-32.5,-347.5,0
132041,2,5,102.5,2550, False,-32.5,-380,0
132178,2,5,103,2550, False,-32.5,-412.5,0
132318,2,5,103.5,2550, False,-32.5,-445,0
132478,2,66,104,2550, False,28.5,0,61
132626,2,73,104.5,2550, False,35.5,35.5,7
132768,2,77,105,2550, False,39.5,75,4
132920,2,79,105.5,2550, False,41.5,116.5,2
133062,2,82,106,2550, False,44.5,161,3
133210,2,80,106.5,2550, False,42.5,203.5,-2
133378,2,79,107,2550, False,41.5,245,-1
133509,2,77,107.5,2550, False,39.5,284.5,-2
133658,2,77,108,2550, False,39.5,324,0
133798,2,57,108.5,2005, False,19.5,343.5,-20
133948,2,6,109,2550, False,-31.5,0,-51
134087,2,5,109.5,2550, False,-32.5,-32.5,-1
134227,2,5,110,2550, False,-32.5,-65,0
134367,2,4,110.5,2550, False,-33.5,-98.5,-1
134510,2,5,111,2550, False,-32.5,-131,1
134648,2,11,111.5,2550, False,-26.5,-157.5,6
134797,2,6,112,2550, False,-31.5,-189,-5
134952,2,5,112.5,2550, False,-32.5,-221.5,-1
135090,2,25,113,1873, False,-12.5,-234,20
135230,2,76,113.5,2550, False,38.5,0,51
135382,2,76,114,2489, False,38.5,38.5,0
135532,2,75,114.5,1827, False,37.5,76,-1
135669,2,74,115,1785, False,36.5,112.5,-1
135806,2,62,115.5,2465, False,24.5,137,-12
135948,2,15,116,1756, False,-22.5,0,-47
136099,2,6,116.5,2550, False,-31.5,-31.5,-9
136239,2,66,117,1732, False,28.5,0,60
136390,2,81,117.5,1708, False,43.5,43.5,15
136547,2,7,118,1706, False,-30.5,0,-74
136697,2,5,118.5,2366, False,-32.5,-32.5,-2
136835,2,66,119,1648, False,28.5,0,61
136977,2,61,119.5,1640, False,23.5,23.5,-5
137107,2,5,120,1657, False,-32.5,0,-56
137247,2,5,120.5,2550, False,-32.5,-32.5,0
137388,2,21,121,1585, False,-16.5,-49,16
137528,2,59,121.5,1581, False,21.5,0,38
137669,2,57,122,1559, False,19.5,19.5,-2
137827,2,10,122.5,1563, False,-27.5,0,-47
137961,2,16,123,2550, False,-21.5,-21.5,6
138101,2,82,123.5,1504, False,44.5,0,66
138252,2,77,124,1499, False,39.5,39.5,-5
138396,2,6,124.5,2001, False,-31.5,0,-71
138548,2,5,125,1505, False,-32.5,-32.5,-1
138679,2,12,125.5,2550, False,-25.5,-58,7
138821,2,35,126,2550, False,-2.5,0,23
138970,2,48,126.5,1414, False,10.5,0,13
139112,2,33,127,1388, False,-4.5,0,-15
139250,2,18,127.5,2550, False,-19.5,-19.5,-15
139392,2,52,128,1330, False,14.5,0,34
139536,2,73,128.5,1318, False,35.5,35.5,21
139689,2,24,129,1299, False,-13.5,0,-49
139838,2,5,129.5,1965, False,-32.5,-32.5,-19
139971,2,61,130,1250, False,23.5,0,56
140111,2,80,130,1246, False,42.5,42.5,19
140258,2,8,130,1231, False,-29.5,0,-72
140411,2,5,130,1693, False,-32.5,-32.5,-3
140565,2,60,130,1182, False,22.5,0,55
140707,2,77,130,1192, False,39.5,39.5,17
140850,2,23,130,1183, False,-14.5,0,-54
140984,2,7,130,1595, False,-30.5,-30.5,-16
141120,2,26,130,1595, False,-11.5,-42,19
141261,2,46,130,1595, False,8.5,0,20
141428,2,6,130,1074, False,-31.5,0,-40
141567,2,6,130,2550, False,-31.5,-31.5,0
141713,2,5,130,2550, False,-32.5,-64,-1
141850,2,6,130,2550, False,-31.5,-95.5,1
141988,2,5,130,2550, False,-32.5,-128,-1
142147,2,5,130,2550, False,-32.5,-160.5,0
142287,2,5,130,1032, False,-32.5,-193,0
142437,2,6,130,1020, False,-31.5,-224.5,1
142570,2,7,130,1008, False,-30.5,-255,1
142708,2,6,130,986, False,-31.5,-286.5,-1
142848,2,5,130,971, False,-32.5,-319,-1
142988,2,6,130,1082, False,-31.5,-350.5,1
143126,2,5,130,2550, False,-32.5,-383,-1
143287,2,4,130,2550, False,-33.5,-416.5,-1
143428,2,6,130,2550, False,-31.5,-448,2
143569,2,5,130,2550, False,-32.5,-480.5,-1
143718,2,5,130,2550, False,-32.5,-513,0
143870,2,5,130,2550, False,-32.5,-545.5,0
144012,2,5,130,2550, False,-32.5,-578,0
144159,2,18,130,2550, False,-19.5,-597.5,13
144307,2,74,130,2550, False,36.5,0,56
144447,2,73,130,2550, False,35.5,35.5,-1
144598,2,76,130,2550, False,38.5,74,3
144740,2,72,130,2550, False,34.5,108.5,-4
144908,2,77,130,2550, False,39.5,148,5
145052,2,77,130,2550, False,39.5,187.5,0
145196,2,77,130,2550, False,39.5,227,0
145350,2,80,130,2550, False,42.5,269.5,3
145490,2,80,130,2550, False,42.5,312,0
145637,2,81,130,2374, False,43.5,355.5,1
145792,2,77,130,2364, False,39.5,395,-4
145931,2,74,130,2310, False,36.5,431.5,-3
146077,2,72,130,2298, False,34.5,466,-2
146222,2,8,130,2292, False,-29.5,0,-64
146364,2,4,130,2311, False,-33.5,-33.5,-4
146522,2,5,130,2276, False,-32.5,-66,1
146671,2,5,130,2214, False,-32.5,-98.5,0
146808,2,5,130,2226, False,-32.5,-131,0
146962,2,5,130,2197, False,-32.5,-163.5,0
147099,2,6,130,2219, False,-31.5,-195,1
147238,2,6,130,2184, False,-31.5,-226.5,0
147389,2,5,130,2167, False,-32.5,-259,-1
147539,2,6,130,2153, False,-31.5,-290.5,1
147682,2,5,130,2550, False,-32.5,-323,-1
147828,2,47,130,2550, False,9.5,0,42
147968,2,74,130,2550, False,36.5,36.5,27
148109,2,78,130,2550, False,40.5,77,4
148243,2,78,130,2550, False,40.5,117.5,0
148382,2,79,130,2550, False,41.5,159,1
148520,2,73,130,2550, False,35.5,194.5,-6
148668,2,8,130,2550, False,-29.5,0,-65
148852,2,5,130,2550, False,-32.5,-32.5,-3
149012,2,48,130,2550, False,10.5,0,43
149172,2,73,130,2550, False,35.5,35.5,25
149350,2,10,130,2550, False,-27.5,0,-63
149496,2,8,130,2550, False,-29.5,-29.5,-2
149653,2,14,130,2550, False,-23.5,-53,6
149792,2,46,130,2475, False,8.5,0,32
149941,2,66,130,1925, False,28.5,28.5,20
150092,2,20,130,2441, False,-17.5,0,-46
150237,2,6,130,1793, False,-31.5,-31.5,-14
150378,2,24,130,2416, False,-13.5,-45,18
150518,2,78,130,2416, False,40.5,0,54
150661,2,76,130,1813, False,38.5,38.5,-2
150807,2,7,130,1795, False,-30.5,0,-69
150952,2,9,130,1786, False,-28.5,-28.5,2
151108,2,51,130,2550, False,13.5,0,42
151251,2,61,130,2550, False,23.5,23.5,10
151397,2,9,130,2550, False,-28.5,0,-52
151540,2,6,130,2313, False,-31.5,-31.5,-3
151688,2,39,130,2550, False,1.5,0,33
151842,2,65,130,2550, False,27.5,27.5,26
151977,2,42,130,2550, False,4.5,0,-23
152118,2,11,130,2550, False,-26.5,0,-31
152269,2,38,130,2550, False,0.5,0,27
152417,2,78,130,2550, False,40.5,40.5,40
152567,2,45,130,2550, False,7.5,0,-33
152708,2,6,130,2550, False,-31.5,0,-39
152850,2,5,130,2550, False,-32.5,-32.5,-1
153007,2,5,130,2550, False,-32.5,-65,0
153147,2,4,130,1490, False,-33.5,-98.5,-1
153311,2,5,130,1488, False,-32.5,-131,1
153460,2,4,130,2550, False,-33.5,-164.5,-1
153601,2,5,130,2550, False,-32.5,-197,1
153737,2,6,130,2550, False,-31.5,-228.5,1
153877,2,6,130,2550, False,-31.5,-260,0
154087,2,6,130,2550, False,-31.5,-291.5,0
154240,2,6,130,2550, False,-31.5,-323,0
154381,2,16,130,2550, False,-21.5,-344.5,10
154530,2,8,130,2550, False,-29.5,-374,-8
154680,2,5,130,2550, False,-32.5,-406.5,-3
154821,2,6,130,2550, False,-31.5,-438,1
154988,2,6,130,1202, False,-31.5,-469.5,0
155130,2,5,130,1160, False,-32.5,-502,-1
155270,2,5,130,1148, False,-32.5,-534.5,0
155419,2,5,130,1148, False,-32.5,-567,0
155558,2,5,130,1148, False,-32.5,-599.5,0
155710,2,49,130,1092, False,11.5,0,44
155860,2,76,130,2550, False,38.5,38.5,27
155998,2,80,130,2550, False,42.5,81,4
156159,2,80,130,2550, False,42.5,123.5,0
156298,2,81,130,1024, False,43.5,167,1
156450,2,84,130,986, False,46.5,213.5,3
156633,2,81,130,955, False,43.5,257,-3
156787,2,78,130,943, False,40.5,297.5,-3
156949,2,77,130,943, False,39.5,337,-1
157100,2,74,130,943, False,36.5,373.5,-3
157270,2,76,130,877, False,38.5,412,2
157447,2,5,130,873, False,-32.5,0,-71
157591,2,4,130,2550, False,-33.5,-33.5,-1
157735,2,10,130,845, False,-27.5,-61,6
157882,2,5,130,835, False,-32.5,-93.5,-5
158033,2,4,130,810, False,-33.5,-127,-1
158177,2,4,130,779, False,-33.5,-160.5,0
158320,2,5,130,754, False,-32.5,-193,1
158466,2,4,130,756, False,-33.5,-226.5,-1
158631,2,4,130,721, False,-33.5,-260,0
158769,2,3,130,705, False,-34.5,-294.5,-1
158920,2,4,130,689, False,-33.5,-328,1
159078,2,74,130,675, False,36.5,0,70
159228,2,78,130,653, False,40.5,40.5,4
159372,2,81,130,626, False,43.5,84,3
159517,2,78,130,607, False,40.5,124.5,-3
159653,2,72,90,586, False,34.5,159,-6
159809,2,72,90,563, False,34.5,193.5,0
159942,2,71,90,555, False,33.5,227,-1
160097,2,32,90,551, False,-5.5,0,-39
160240,2,5,89,546, False,-32.5,-32.5,-27
160381,2,8,88,525, False,-29.5,-62,3
160541,2,41,87,506, False,3.5,0,33
160711,2,37,80,496, False,-0.5,0,-4
160852,2,11,80,483, False,-26.5,-26.5,-26
161001,2,14,80,473, False,-23.5,-50,3
161146,2,43,80,452, False,5.5,0,29
161291,2,68,80,437, False,30.5,30.5,25
161447,2,25,80,429, False,-12.5,0,-43
161602,2,5,80,420, True,-12.5,0,-43
161736,2,23,80,399, True,-12.5,0,-43
161881,2,48,80,397, True,-12.5,0,-43
162047,2,52,80,393, True,-12.5,0,-43
162183,2,52,80,397, True,-12.5,0,-43
162325,2,52,80,393, True,-12.5,0,-43
162455,2,52,80,393, True,-12.5,0,-43
162598,2,52,80,393, True,-12.5,0,-43
162735,3,52,80,393, False,14.5,0,27
162896,3,37,80,392, False,-0.5,0,-15
163041,3,23,80,376, False,-14.5,-14.5,-14
163178,3,5,80,365, False,-32.5,-47,-18
163329,3,5,80,365, False,-32.5,-79.5,0
163486,3,6,80,357, False,-31.5,-111,1
163630,3,5,80,355, False,-32.5,-143.5,-1
163770,3,5,80,365, False,-32.5,-32.5,0
163910,3,5,80,365, False,-32.5,-65,0
164067,3,4,80,1672, False,-33.5,-98.5,-1
164227,3,5,80,1393, False,-32.5,-131,1
164376,3,6,80,1353, False,-31.5,-162.5,1
164527,3,5,80,1313, False,-32.5,-195,-1
164664,3,13,80,1219, False,-24.5,-219.5,8
164811,3,10,80,800, False,-27.5,-247,-3
164960,3,13,80,1156, False,-24.5,-271.5,3
165103,3,12,80,1147, False,-25.5,-297,-1
165248,3,5,80,1129, False,-32.5,-329.5,-7
165394,3,6,80,1114, False,-31.5,-361,1
165537,3,6,80,810, False,-31.5,-392.5,0
165681,3,5,80,1111, False,-32.5,-425,-1
165848,3,6,80,1525, False,-31.5,-456.5,1
165986,3,6,80,1521, False,-31.5,-488,0
166136,3,6,80,1520, False,-31.5,-519.5,0
166272,0,67,80.5,1563, False,29.5,0,61
166408,0,80,81,1615, False,42.5,42.5,13
166555,0,79,81.5,1227, False,41.5,84,-1
166701,0,78,82,1460, False,40.5,124.5,-1
166838,0,79,82.5,1443, False,41.5,166,1
166977,0,80,83,1020, False,42.5,208.5,1
167117,0,78,83.5,992, False,40.5,249,-2
167257,0,77,84,982, False,39.5,288.5,-1
167400,0,77,84.5,963, False,39.5,328,0
167540,0,35,85,972, False,-2.5,0,-42
167676,0,5,85.5,1351, False,-32.5,-32.5,-30
167828,0,42,86,1236, False,4.5,0,37
167978,0,81,86.5,931, False,43.5,43.5,39
168123,0,78,87,937, False,40.5,84,-3
168288,0,38,87.5,1288, False,0.5,0,-40
168446,0,19,88,1318, False,-18.5,0,-19
168608,0,80,88.5,1166, False,42.5,0,61
168768,0,79,89,1152, False,41.5,41.5,-1
168920,0,80,89.5,1232, False,42.5,84,1
169077,0,78,90,1761, False,40.5,124.5,-2
169220,0,71,90.5,1701, False,33.5,158,-7
169381,0,16,91,1690, False,-21.5,0,-55
169548,0,41,91.5,1665, False,3.5,0,25
169697,0,79,92,1654, False,41.5,41.5,38
169849,0,80,92.5,2550, False,42.5,84,1
169987,0,79,93,1625, False,41.5,125.5,-1
170157,0,79,93.5,1294, False,41.5,167,0
170297,0,77,94,2550, False,39.5,206.5,-2
170437,0,39,94.5,1771, False,1.5,0,-38
170597,0,11,95,2550, False,-26.5,0,-28
170750,0,88,95.5,1744, False,50.5,0,77
170917,0,78,96,2550, False,40.5,40.5,-10
171089,0,66,96.5,2550, False,28.5,69,-12
171240,0,54,97,2550, False,16.5,85.5,-12
171382,0,48,97.5,1551, False,10.5,96,-6
171521,0,41,98,2550, False,3.5,0,-7
171669,0,39,98.5,2550, False,1.5,0,-2
171839,0,70,99,2550, False,32.5,32.5,31
171990,0,75,99.5,2550, False,37.5,70,5
172157,0,55,100,2550, False,17.5,87.5,-20
172316,0,34,100.5,2550, False,-3.5,0,-21
172468,0,74,101,2550, False,36.5,0,40
172617,0,77,101.5,2550, False,39.5,39.5,3
172749,0,77,102,1262, False,39.5,79,0
172897,0,78,102.5,2550, False,40.5,119.5,1
173059,0,75,103,2550, False,37.5,157,-3
173197,0,44,103.5,2550, False,6.5,0,-31
173330,0,43,104,2550, False,5.5,0,-1
173481,0,78,104.5,2550, False,40.5,40.5,35
173627,0,74,105,2550, False,36.5,77,-4
173761,0,62,105.5,2550, False,24.5,101.5,-12
173893,0,64,106,2550, False,26.5,128,2
174030,0,64,106.5,2550, False,26.5,154.5,0
174167,0,30,107,2550, False,-7.5,0,-34
174308,0,7,107.5,2489, False,-30.5,-30.5,-23
174450,0,54,108,2550, False,16.5,0,47
174592,0,77,108.5,2550, False,39.5,39.5,23
174737,0,56,109,2550, False,18.5,58,-21
174880,0,5,109.5,2550, False,-32.5,0,-51
175016,0,5,110,2550, False,-32.5,-32.5,0
175160,0,64,110.5,2550, False,26.5,0,59
175290,0,78,111,2550, False,40.5,40.5,14
175430,0,18,111.5,2430, False,-19.5,0,-60
175571,0,5,112,2419, False,-32.5,-32.5,-13
175727,0,38,112.5,2550, False,0.5,0,33
175885,0,55,113,2550, False,17.5,17.5,17
176037,0,17,113.5,2334, False,-20.5,0,-38
176180,0,9,114,2358, False,-28.5,-28.5,-8
176348,0,55,114.5,2550, False,17.5,0,46
176500,0,71,115,2550, False,33.5,33.5,16
176648,0,31,115.5,2302, False,-6.5,0,-40
176801,0,5,116,2241, False,-32.5,-32.5,-26
176951,0,37,116.5,2305, False,-0.5,0,32
177108,0,78,117,2550, False,40.5,0,41
177248,0,58,117.5,2241, False,20.5,20.5,-20
177390,0,6,118,2550, False,-31.5,0,-52
177530,0,8,118.5,2181, False,-29.5,-29.5,2
177678,0,70,119,2342, False,32.5,0,62
177819,0,71,119.5,2146, False,33.5,33.5,1
177967,0,8,120,2098, False,-29.5,0,-63
178120,0,5,120.5,2064, False,-32.5,-32.5,-3
178259,0,56,121,2045, False,18.5,0,51
178398,0,62,121.5,2037, False,24.5,24.5,6
178552,0,8,122,2018, False,-29.5,0,-54
178707,0,9,122.5,1984, False,-28.5,-28.5,1
178858,0,63,123,1964, False,25.5,0,54
179008,0,69,123.5,1955, False,31.5,31.5,6
179177,0,9,124,1934, False,-28.5,0,-60
179317,0,5,124.5,1898, False,-32.5,-32.5,-4
179461,0,48,125,1881, False,10.5,0,43
179597,0,69,125.5,1862, False,31.5,31.5,21
179739,0,12,126,1837, False,-25.5,0,-57
179899,0,6,126.5,1816, False,-31.5,-31.5,-6
180040,0,61,127,1801, False,23.5,0,55
180181,0,76,127.5,1785, False,38.5,38.5,15
180329,0,21,128,1761, False,-16.5,0,-55
180472,0,6,128.5,1736, False,-31.5,-31.5,-15
180609,0,26,129,1722, False,-11.5,-43,20
180771,0,50,129.5,1694, False,12.5,0,24
180913,0,34,130,1679, False,-3.5,0,-16
181078,0,20,130,1658, False,-17.5,-17.5,-14
181211,0,42,130,1633, False,4.5,0,22
181348,0,64,130,1623, False,26.5,26.5,22
181503,0,36,130,1587, False,-1.5,0,-28
181647,0,7,130,1577, False,-30.5,-30.5,-29
181789,0,43,130,1558, False,5.5,0,36
181957,0,70,130,1543, False,32.5,32.5,27
182092,0,29,130,1519, False,-8.5,0,-41
182230,0,6,130,1499, False,-31.5,-31.5,-23
182384,0,49,130,1480, False,11.5,0,43
182536,0,67,130,1460, False,29.5,29.5,18
182679,0,24,130,1438, False,-13.5,0,-43
182859,0,15,130,1420, False,-22.5,-22.5,-9
183010,0,63,130,1397, False,25.5,0,48
183178,0,75,130,1379, False,37.5,37.5,12
183330,0,12,130,1362, False,-25.5,0,-63
183478,0,6,130,1362, False,-31.5,-31.5,-6
183631,0,74,130,1362, False,36.5,0,68
183787,0,78,130,1362, False,40.5,40.5,4
183938,0,76,130,1362, False,38.5,79,-2
184080,0,78,130,1362, False,40.5,119.5,2
184218,0,80,130,1242, False,42.5,162,2
184390,0,78,130,1223, False,40.5,202.5,-2
184531,0,75,130,1206, False,37.5,240,-3
184679,0,51,130,1191, False,13.5,253.5,-24
184823,0,22,130,1189, False,-15.5,0,-29
184960,0,34,130,1182, False,-3.5,0,12
185110,0,62,130,1152, False,24.5,0,28
185252,0,82,130,1143, False,44.5,44.5,20
185421,0,78,130,1835, False,40.5,85,-4
185587,0,71,130,1808, False,33.5,118.5,-7
185737,0,56,130,1778, False,18.5,137,-15
185897,0,43,130,1757, False,5.5,0,-13
186047,0,50,130,1736, False,12.5,12.5,7
186201,0,76,130,1716, False,38.5,51,26
186357,0,72,130,1696, False,34.5,85.5,-4
186497,0,74,130,1676, False,36.5,122,2
186658,0,78,130,1656, False,40.5,162.5,4
186810,0,72,130,1638, False,34.5,197,-6
186957,0,53,130,1627, False,15.5,212.5,-19
187108,0,20,130,2550, False,-17.5,0,-33
187250,0,68,130,2550, False,30.5,0,48
187391,0,79,130,1580, False,41.5,41.5,11
187537,0,78,130,1579, False,40.5,82,-1
187680,0,78,130,1632, False,40.5,122.5,0
187822,0,77,130,2550, False,39.5,162,-1
187971,0,32,130,2550, False,-5.5,0,-45
188107,0,5,130,2550, False,-32.5,-32.5,-27
188257,0,52,130,2550, False,14.5,0,47
188411,0,69,130,2550, False,31.5,31.5,17
188560,0,34,130,2550, False,-3.5,0,-35
188703,0,7,130,2550, False,-30.5,-30.5,-27
188852,0,57,130,2550, False,19.5,0,50
189002,0,75,130,2550, False,37.5,37.5,18
189142,0,61,130,2550, False,23.5,61,-14
189297,0,7,130,2550, False,-30.5,0,-54
189448,0,5,130,2550, False,-32.5,-32.5,-2
189639,0,50,130,2550, False,12.5,0,45
189800,0,68,130,2550, False,30.5,30.5,18
189958,0,23,130,2550, False,-14.5,0,-45
190112,0,5,130,2550, False,-32.5,-32.5,-18
190282,0,54,130,1919, False,16.5,0,49
190439,0,77,130,1881, False,39.5,39.5,23
190597,0,47,130,1944, False,9.5,0,-30
190784,0,5,130,1852, False,-32.5,0,-42
190941,0,18,130,1848, False,-19.5,-19.5,13
191099,0,68,130,2550, False,30.5,0,50
191252,0,63,130,1793, False,25.5,25.5,-5
191417,0,9,130,1771, False,-28.5,0,-54
191581,0,16,130,1732, False,-21.5,-21.5,7
191741,0,83,130,1732, False,45.5,0,67
191892,0,76,130,1732, False,38.5,38.5,-7
192048,0,47,130,1678, False,9.5,0,-29
192199,0,35,130,1650, False,-2.5,0,-12
192339,0,53,130,1633, False,15.5,0,18
192487,0,57,130,1612, False,19.5,19.5,4
192650,0,12,130,1603, False,-25.5,0,-45
192780,0,6,130,1581, False,-31.5,-31.5,-6
192924,0,58,130,2257, False,20.5,0,52
193077,0,60,130,1555, False,22.5,22.5,2
193247,0,5,130,1520, False,-32.5,0,-55
193407,0,6,130,1511, False,-31.5,-31.5,1
193548,0,56,130,1511, False,18.5,0,50
193688,0,69,130,1511, False,31.5,31.5,13
193827,0,18,130,1511, False,-19.5,0,-51
193968,0,6,130,1511, False,-31.5,-31.5,-12
194118,0,48,130,1511, False,10.5,0,42
194258,0,67,130,1511, False,29.5,29.5,19
194428,0,8,130,2550, False,-29.5,0,-59
194570,0,5,130,1407, False,-32.5,-32.5,-3
194716,0,39,130,2550, False,1.5,0,34
194853,0,70,130,1497, False,32.5,32.5,31
194992,0,17,130,1442, False,-20.5,0,-53
195147,0,6,130,1301, False,-31.5,-31.5,-11
195280,0,35,130,1397, False,-2.5,0,29
195427,0,66,130,2550, False,28.5,0,31
195578,0,40,130,2469, False,2.5,0,-26
195720,0,7,130,1380, False,-30.5,0,-33
195879,0,45,130,1376, False,7.5,0,38
196028,0,76,130,1336, False,38.5,38.5,31
196168,0,37,130,2352, False,-0.5,0,-39
196320,0,18,130,2336, False,-19.5,-19.5,-19
196462,0,52,130,1277, False,14.5,0,34
196607,0,79,130,1250, False,41.5,41.5,27
196771,0,65,130,2292, False,27.5,69,-14
196949,0,58,130,2284, False,20.5,89.5,-7
197119,0,66,130,1543, False,28.5,118,8
197279,0,70,130,1543, False,32.5,150.5,4
197431,0,71,80,326, False,33.5,184,1
197582,0,77,80.5,2550, False,39.5,223.5,6
197732,0,74,81,1121, False,36.5,260,-3
197875,0,22,81.5,1127, False,-15.5,0,-52
198028,0,6,82,1106, False,-31.5,-31.5,-16
198171,0,39,82.5,1093, False,1.5,0,33
198311,0,78,83,1076, False,40.5,40.5,39
198467,0,83,83.5,1062, False,45.5,86,5
198608,0,63,84,1050, False,25.5,111.5,-20
198747,0,18,84.5,1037, False,-19.5,0,-45
198890,0,13,85,1032, False,-24.5,-24.5,-5
199048,0,74,85.5,1024, False,36.5,0,61
199198,0,76,86,998, False,38.5,38.5,2
199349,0,42,86.5,998, False,4.5,0,-34
199489,0,16,87,1000, False,-21.5,0,-26
199640,0,80,87.5,978, False,42.5,0,64
199789,0,81,88,964, False,43.5,43.5,1
199947,0,79,88.5,2550, False,41.5,85,-2
200084,0,77,89,2550, False,39.5,124.5,-2
200229,0,68,89.5,2550, False,30.5,155,-9
200369,0,47,90,2550, False,9.5,0,-21
200508,0,26,90.5,2550, False,-11.5,0,-21
200660,0,77,91,2550, False,39.5,0,51
200802,0,78,91.5,891, False,40.5,40.5,1
200951,0,77,92,871, False,39.5,80,-1
201087,0,74,92.5,878, False,36.5,116.5,-3
201238,0,61,93,2550, False,23.5,140,-13
201400,0,45,93.5,2441, False,7.5,0,-16
201538,0,59,94,2426, False,21.5,21.5,14
201686,0,80,94.5,2422, False,42.5,64,21
201832,0,77,95,2550, False,39.5,103.5,-3
201977,0,69,95.5,2550, False,31.5,135,-8
202125,0,48,96,2550, False,10.5,145.5,-21
202277,0,24,96.5,2550, False,-13.5,0,-24
202418,0,29,97,2494, False,-8.5,0,5
202560,0,64,97.5,2479, False,26.5,0,35
202708,0,66,98,2459, False,28.5,28.5,2
202867,0,21,98.5,2443, False,-16.5,0,-45
203021,0,17,99,2441, False,-20.5,-20.5,-4
203162,0,66,99.5,2420, False,28.5,0,49
203298,0,74,100,2404, False,36.5,36.5,8
203437,0,58,100.5,2396, False,20.5,57,-16
203593,0,9,101,2379, False,-28.5,0,-49
203746,0,16,101.5,2370, False,-21.5,-21.5,7
203890,0,75,102,2343, False,37.5,0,59
204037,0,76,102.5,2335, False,38.5,38.5,1
204171,0,18,103,2326, False,-19.5,0,-58
204318,0,5,103.5,2330, False,-32.5,-32.5,-13
204467,0,39,104,2306, False,1.5,0,34
204608,0,68,104.5,2297, False,30.5,30.5,29
204757,0,27,105,2283, False,-10.5,0,-41
204898,0,5,105.5,2289, False,-32.5,-32.5,-22
205047,0,36,106,2249, False,-1.5,0,31
205188,0,70,106.5,2241, False,32.5,0,34
205333,0,37,107,2233, False,-0.5,0,-33
205477,0,5,107.5,2550, False,-32.5,-32.5,-32
205618,0,12,108,1481, False,-25.5,-58,7
205759,0,57,108.5,2550, False,19.5,0,45
205900,0,65,109,2550, False,27.5,27.5,8
206040,0,16,109.5,2550, False,-21.5,0,-49
206182,0,6,110,2550, False,-31.5,-31.5,-10
206337,0,62,110.5,2550, False,24.5,0,56
206488,0,63,111,2550, False,25.5,25.5,1
206646,0,12,111.5,2550, False,-25.5,0,-51
206780,0,5,112,2550, False,-32.5,-32.5,-7
206928,0,72,112.5,2550, False,34.5,0,67
207068,0,77,113,2550, False,39.5,39.5,5
207204,0,31,113.5,2550, False,-6.5,0,-46
207346,0,10,114,2550, False,-27.5,-27.5,-21
207487,0,27,114.5,2550, False,-10.5,-38,17
207627,0,67,115,2550, False,29.5,0,40
207768,0,62,115.5,2550, False,24.5,24.5,-5
207910,0,13,116,2550, False,-24.5,0,-49
208052,0,8,116.5,2550, False,-29.5,-29.5,-5
208188,0,73,117,2550, False,35.5,0,65
208339,0,77,117.5,2550, False,39.5,39.5,4
208498,0,16,118,2550, False,-21.5,0,-61
208638,0,5,118.5,2550, False,-32.5,-32.5,-11
208789,0,68,119,2550, False,30.5,0,63
208927,0,77,119.5,2550, False,39.5,39.5,9
209064,0,50,120,2550, False,12.5,52,-27
209219,0,6,120.5,2550, False,-31.5,0,-44
209358,0,8,121,2550, False,-29.5,-29.5,2
209497,0,65,121.5,2550, False,27.5,0,57
209638,0,67,122,1830, False,29.5,29.5,2
209784,0,22,122.5,1830, False,-15.5,0,-45
209924,0,6,123,1830, False,-31.5,-31.5,-16
210082,0,58,123.5,1830, False,20.5,0,52
210227,0,76,124,2550, False,38.5,38.5,18
210370,0,35,124.5,2550, False,-2.5,0,-41
210520,0,5,125,2550, False,-32.5,-32.5,-30
210661,0,46,125.5,1744, False,8.5,0,41
210797,0,79,126,2051, False,41.5,41.5,33
210938,0,34,126.5,2550, False,-3.5,0,-45
211089,0,5,127,1702, False,-32.5,-32.5,-29
211234,0,47,127.5,2550, False,9.5,0,42
211373,0,73,128,2550, False,35.5,35.5,26
211528,0,32,128.5,2550, False,-5.5,0,-41
211670,0,6,129,2550, False,-31.5,-31.5,-26
211802,0,31,129.5,2550, False,-6.5,0,25
211947,0,72,130,1557, False,34.5,0,41
212090,0,47,130,2099, False,9.5,0,-25
212231,0,6,130,2550, False,-31.5,0,-41
212377,0,25,130,1513, False,-12.5,-12.5,19
212526,0,78,130,2550, False,40.5,0,53
212681,0,75,130,1468, False,37.5,37.5,-3
212823,0,74,130,1456, False,36.5,74,-1
212968,0,75,130,2550, False,37.5,111.5,1
213130,0,74,130,2550, False,36.5,148,-1
213277,0,73,130,2550, False,35.5,183.5,-1
213418,0,74,130,2550, False,36.5,220,1
213557,0,74,130,2550, False,36.5,256.5,0
213721,0,74,130,2550, False,36.5,293,0
213866,0,30,130,1740, False,-7.5,0,-44
214001,0,5,130,2550, False,-32.5,-32.5,-25
214140,0,78,130,2550, False,40.5,0,73
214299,0,82,130,2550, False,44.5,44.5,4
214441,0,62,130,2550, False,24.5,69,-20
214584,0,56,130,2550, False,18.5,87.5,-6
214759,0,74,130,2550, False,36.5,124,18
214920,0,66,130,2550, False,28.5,152.5,-8
215064,0,23,130,2550, False,-14.5,0,-43
215218,0,16,130,2550, False,-21.5,-21.5,-7
215364,0,79,130,2550, False,41.5,0,63
215507,0,81,130,2550, False,43.5,43.5,2
215677,0,81,130,2550, False,43.5,87,0
215837,0,81,130,2550, False,43.5,130.5,0
215978,0,78,130,2550, False,40.5,171,-3
216138,0,63,130,2550, False,25.5,196.5,-15
216281,0,79,130,2550, False,41.5,238,16
216429,0,80,130,2550, False,42.5,280.5,1
216590,0,78,130,2550, False,40.5,321,-2
216740,0,35,130,2550, False,-2.5,0,-43
216897,0,5,130,2550, False,-32.5,-32.5,-30
217052,0,18,130,2550, False,-19.5,-52,13
217212,0,71,130,2550, False,33.5,0,53
217380,0,53,130,2550, False,15.5,15.5,-18
217529,0,5,130,2550, False,-32.5,0,-48
217678,0,5,130,2550, False,-32.5,-32.5,0
217822,0,44,130,2550, False,6.5,0,39
217967,0,53,130,2550, False,15.5,15.5,9
218118,0,18,130,2550, False,-19.5,0,-35
218257,0,9,130,2550, False,-28.5,-28.5,-9
218398,0,52,130,2550, False,14.5,0,43
218540,0,74,130,2550, False,36.5,36.5,22
218690,0,43,130,2550, False,5.5,0,-31
218831,0,6,130,2550, False,-31.5,0,-37
218979,0,30,130,2550, False,-7.5,0,24
219120,0,77,130,2550, False,39.5,0,47
219261,0,64,130,2550, False,26.5,26.5,-13
219399,0,7,130,2550, False,-30.5,0,-57
219539,0,6,130,2550, False,-31.5,-31.5,-1
219697,0,67,130,2550, False,29.5,0,61
219848,0,75,130,2550, False,37.5,37.5,8
219992,0,23,130,2550, False,-14.5,0,-52
220161,0,7,130,2550, False,-30.5,-30.5,-16
220311,0,65,130,2550, False,27.5,0,58
220457,0,74,130,2550, False,36.5,36.5,9
220600,0,21,130,2550, False,-16.5,0,-53
220760,0,23,130,2550, False,-14.5,-14.5,2
220920,0,70,130,2550, False,32.5,0,47
221070,0,70,130,2550, False,32.5,32.5,0
221229,0,6,130,2550, False,-31.5,0,-64
221385,0,4,130,2550, False,-33.5,-33.5,-2
221536,0,57,130,2550, False,19.5,0,53
221688,0,63,130,2550, False,25.5,25.5,6
221838,0,9,130,2550, False,-28.5,0,-54
221988,0,6,130,2550, False,-31.5,-31.5,-3
222141,0,48,130,2550, False,10.5,0,42
222281,0,70,130,2550, False,32.5,32.5,22
222437,0,11,130,2550, False,-26.5,0,-59
222579,0,4,130,2550, False,-33.5,-33.5,-7
222720,0,27,130,2550, False,-10.5,-44,23
222862,0,39,130,2550, False,1.5,0,12
222995,0,44,130,2550, False,6.5,0,5
223149,0,36,130,2550, False,-1.5,0,-8
223291,0,24,130,2550, False,-13.5,-13.5,-12
223431,0,46,80,326, False,8.5,0,22
223589,0,73,80.5,2550, False,35.5,35.5,27
223741,0,28,81,2550, False,-9.5,0,-45
223884,0,9,81.5,2550, False,-28.5,-28.5,-19
224026,0,32,82,1572, False,-5.5,0,23
224168,0,62,82.5,1565, False,24.5,0,30
224302,0,44,83,2550, False,6.5,0,-18
224448,0,9,83.5,2550, False,-28.5,0,-35
224588,0,21,84,2550, False,-16.5,-16.5,12
224740,0,74,84.5,2550, False,36.5,0,53
224883,0,63,85,2550, False,25.5,25.5,-11
225018,0,6,85.5,2550, False,-31.5,0,-57
225168,0,6,86,2550, False,-31.5,-31.5,0
225318,0,67,86.5,1448, False,29.5,0,61
225458,0,78,87,1418, False,40.5,40.5,11
225610,0,16,87.5,1443, False,-21.5,0,-62
225761,0,6,88,2550, False,-31.5,-31.5,-10
225910,0,73,88.5,1368, False,35.5,0,67
226048,0,72,89,1236, False,34.5,34.5,-1
226187,0,21,89.5,1223, False,-16.5,0,-51
226328,0,6,90,2550, False,-31.5,-31.5,-15
226463,0,62,90.5,1298, False,24.5,0,56
226598,0,79,91,1179, False,41.5,41.5,17
226750,0,78,91.5,1389, False,40.5,82,-1
226892,0,58,92,2550, False,20.5,102.5,-20
227028,0,33,92.5,2550, False,-4.5,0,-25
227177,0,64,93,2550, False,26.5,0,31
227314,0,82,93.5,2550, False,44.5,44.5,18
227453,0,81,94,2550, False,43.5,88,-1
227588,0,72,94.5,2550, False,34.5,122.5,-9
227728,0,23,95,2550, False,-14.5,0,-49
227871,0,24,95.5,2550, False,-13.5,-13.5,1
228017,0,79,96,2550, False,41.5,0,55
228167,0,78,96.5,2550, False,40.5,40.5,-1
228326,0,79,97,1628, False,41.5,82,1
228469,0,80,97.5,2550, False,42.5,124.5,1
228648,0,78,98,2550, False,40.5,165,-2
228800,0,70,98.5,2550, False,32.5,197.5,-8
228950,0,36,99,2550, False,-1.5,0,-34
229100,0,9,99.5,2550, False,-28.5,-28.5,-27
229238,0,59,100,2550, False,21.5,0,50
229387,0,76,100.5,2550, False,38.5,38.5,17
229539,0,71,101,1671, False,33.5,72,-5
229709,0,19,101.5,2550, False,-18.5,0,-52
229882,0,53,102,2550, False,15.5,0,34
230037,0,76,102.5,1388, False,38.5,38.5,23
230200,0,72,103,2550, False,34.5,73,-4
230340,0,64,103.5,2550, False,26.5,99.5,-8
230481,0,64,104,2550, False,26.5,126,0
230640,0,62,104.5,1261, False,24.5,150.5,-2
230782,0,54,105,2550, False,16.5,167,-8
230931,0,36,105.5,2550, False,-1.5,0,-18
231067,0,47,106,2550, False,9.5,0,11
231207,0,76,106.5,2550, False,38.5,38.5,29
231369,0,81,107,2550, False,43.5,82,5
231507,0,75,107.5,2550, False,37.5,119.5,-6
231647,0,63,108,2550, False,25.5,145,-12
231790,0,41,108.5,2550, False,3.5,0,-22
231944,0,30,109,2550, False,-7.5,0,-11
232089,0,65,109.5,2494, False,27.5,0,35
232247,0,69,110,2550, False,31.5,31.5,4
232390,0,48,110.5,2550, False,10.5,42,-21
232539,0,43,111,2464, False,5.5,0,-5
