time, color, distance, speed, stop, step, deviation, integral, derivative
100, 42, 1980, 90.50000000000001, False, 0, 4.5, 0, 4.5
256, 41, 2336, 91.0, False, 0, 3.5, 0, -1.0
418, 17, 2049, 91.5, False, 0, -20.5, 0, -24.0
558, 33, 2019, 92.00000000000001, False, 0, -4.5, 0, 16.0
693, 67, 2282, 92.5, False, 0, 29.5, 0, 34.0
837, 37, 1936, 93.00000000000001, False, 0, -0.5, 0, -30.0
981, 6, 1946, 93.5, False, 0, -31.5, -31.5, -31.0
1127, 43, 1919, 94.0, False, 0, 5.5, 0, 37.0
1268, 77, 1927, 94.50000000000001, False, 0, 39.5, 39.5, 34.0
1417, 46, 1885, 95.0, False, 0, 8.5, 0, -31.0
1557, 5, 1862, 95.50000000000001, False, 0, -32.5, 0, -41.00000000000001
1726, 36, 1831, 96.00000000000001, False, 0, -1.5, 0, 31.0
1877, 72, 1843, 96.5, False, 0, 34.5, 0, 36.0
2040, 41, 1807, 97.00000000000001, False, 0, 3.5, 0, -31.0
2199, 6, 1795, 97.5, False, 0, -31.5, 0, -35.0
2336, 22, 1762, 98.00000000000001, False, 0, -15.5, -15.5, 16.0
2481, 75, 1748, 98.50000000000001, False, 0, 37.5, 0, 53.00000000000001
2628, 69, 1740, 99.0, False, 0, 31.5, 31.5, -6.0
2778, 10, 1722, 99.50000000000001, False, 0, -27.5, 0, -59.0
2930, 12, 1708, 100.0, False, 0, -25.5, -25.5, 2.0
3077, 63, 1692, 100.5, False, 0, 25.5, 0, 51.00000000000001
3247, 64, 1676, 101.0, False, 0, 26.5, 26.5, 1.0
3391, 12, 1662, 101.5, False, 0, -25.5, 0, -52.0
3537, 6, 1640, 102.0, False, 0, -31.5, -31.5, -6.0
3677, 55, 1628, 102.5, False, 0, 17.5, 0, 49.0
3817, 69, 1607, 103.0, False, 0, 31.5, 31.5, 14.0
3967, 13, 1588, 103.5, False, 0, -24.5, 0, -56.00000000000001
4116, 4, 1573, 104.0, False, 0, -33.5, -33.5, -9.0
4270, 56, 1558, 104.5, False, 0, 18.5, 0, 52.0
4418, 73, 1547, 105.0, False, 0, 35.5, 35.5, 17.0
4570, 12, 1528, 105.5, False, 0, -25.5, 0, -61.00000000000001
4720, 5, 1511, 106.0, False, 0, -32.5, -32.5, -7.0
4864, 58, 1499, 106.5, False, 0, 20.5, 0, 53.00000000000001
5001, 74, 1482, 107.0, False, 0, 36.5, 36.5, 16.0
5159, 16, 1464, 107.5, False, 0, -21.5, 0, -58.00000000000001
5307, 5, 1452, 108.0, False, 0, -32.5, -32.5, -11.0
5458, 46, 1430, 108.5, False, 0, 8.5, 0, 41.00000000000001
5617, 68, 1413, 109.0, False, 0, 30.5, 30.5, 22.0
5758, 21, 1397, 109.5, False, 0, -16.5, 0, -47.0
5912, 5, 1385, 110.0, False, 0, -32.5, -32.5, -16.0
6051, 43, 1381, 110.5, False, 0, 5.5, 0, 38.0
6197, 71, 1352, 111.0, False, 0, 33.5, 33.5, 28.0
6337, 41, 1352, 111.5, False, 0, 3.5, 0, -30.0
6469, 8, 1352, 112.0, False, 0, -29.5, 0, -33.0
6611, 53, 1352, 112.5, False, 0, 15.5, 0, 45.0
6749, 78, 1352, 113.0, False, 0, 40.5, 40.5, 25.0
6887, 78, 1352, 113.5, False, 0, 40.5, 81.0, 0.0
7027, 78, 1352, 114.0, False, 0, 40.5, 121.5, 0.0
7162, 79, 1352, 114.5, False, 0, 41.5, 163.0, 1.0
7311, 78, 1227, 115.0, False, 0, 40.5, 203.5, -1.0
7448, 61, 1219, 115.5, False, 0, 23.5, 227.0, -17.0
7598, 15, 1219, 116.0, False, 0, -22.5, 0, -46.00000000000001
7739, 12, 1210, 116.5, False, 0, -25.5, -25.5, -3.0
7877, 78, 1183, 117.0, False, 0, 40.5, 0, 66.00000000000001
8028, 75, 1164, 117.5, False, 0, 37.5, 37.5, -3.0
8178, 52, 1162, 118.0, False, 0, 14.5, 52.0, -23.0
8317, 82, 1148, 118.5, False, 0, 44.5, 96.5, 30.0
8459, 83, 1138, 119.0, False, 0, 45.5, 142.0, 1.0
8600, 78, 1817, 119.5, False, 0, 40.5, 182.5, -5.0
8732, 79, 1799, 120.0, False, 0, 41.5, 224.0, 1.0
8871, 68, 1779, 120.5, False, 0, 30.5, 254.5, -11.0
9012, 6, 1756, 121.0, False, 0, -31.5, 0, -62.0
9159, 5, 1741, 121.5, False, 0, -32.5, -32.5, -1.0
9297, 49, 1726, 122.0, False, 0, 11.5, 0, 44.0
9463, 66, 1714, 122.5, False, 0, 28.5, 28.5, 17.0
9618, 53, 1687, 123.0, False, 0, 15.5, 44.0, -13.0
9771, 62, 1666, 123.5, False, 0, 24.5, 68.50000000000001, 9.0
9921, 78, 1649, 124.0, False, 0, 40.5, 109.0, 16.0
10060, 78, 1633, 124.5, False, 0, 40.5, 149.5, 0.0
10208, 67, 1619, 125.0, False, 0, 29.5, 179.0, -11.0
10352, 52, 1611, 125.5, False, 0, 14.5, 193.5, -15.0
10492, 47, 1607, 126.0, False, 0, 9.5, 0, -5.0
10637, 77, 1607, 126.5, False, 0, 39.5, 39.5, 30.0
10778, 78, 2550, 127.0, False, 0, 40.5, 80.0, 1.0
10937, 70, 2550, 127.5, False, 0, 32.5, 112.5, -8.0
11078, 43, 2550, 128.0, False, 0, 5.5, 0, -27.0
11229, 27, 2550, 128.5, False, 0, -10.5, 0, -16.0
11362, 61, 2550, 129.0, False, 0, 23.5, 0, 34.0
11509, 72, 2550, 129.5, False, 0, 34.5, 34.5, 11.0
11644, 53, 2550, 130.0, False, 0, 15.5, 50.0, -19.0
11791, 15, 2550, 130.0, False, 0, -22.5, 0, -38.0
11937, 16, 2550, 130.0, False, 0, -21.5, -21.5, 1.0
12068, 73, 2550, 130.0, False, 0, 35.5, 0, 57.0
12228, 70, 2550, 130.0, False, 0, 32.5, 32.5, -3.0
12380, 6, 2550, 130.0, False, 0, -31.5, 0, -64.0
12528, 5, 2550, 130.0, False, 0, -32.5, -32.5, -1.0
12678, 64, 2550, 130.0, False, 0, 26.5, 0, 59.0
12818, 73, 2550, 130.0, False, 0, 35.5, 35.5, 9.0
12967, 26, 2550, 130.0, False, 0, -11.5, 0, -47.0
13102, 6, 2550, 130.0, False, 0, -31.5, -31.5, -20.0
13249, 16, 2550, 130.0, False, 0, -21.5, -53.00000000000001, 10.0
13391, 60, 2550, 130.0, False, 0, 22.5, 0, 44.0
13538, 71, 2550, 130.0, False, 0, 33.5, 33.5, 11.0
13678, 13, 2550, 130.0, False, 0, -24.5, 0, -58.00000000000001
13829, 7, 2550, 130.0, False, 0, -30.5, -30.5, -6.0
13981, 71, 2550, 130.0, False, 0, 33.5, 0, 64.0
14121, 77, 2550, 130.0, False, 0, 39.5, 39.5, 6.0
14261, 22, 2550, 130.0, False, 0, -15.5, 0, -55.0
14410, 14, 1797, 130.0, False, 0, -23.5, -23.5, -8.0
14551, 62, 2370, 130.0, False, 0, 24.5, 0, 48.00000000000001
14710, 68, 1825, 130.0, False, 0, 30.5, 30.5, 6.0
14852, 20, 1783, 130.0, False, 0, -17.5, 0, -48.00000000000001
14999, 5, 1732, 130.0, False, 0, -32.5, -32.5, -15.0
15147, 56, 1723, 130.0, False, 0, 18.5, 0, 51.00000000000001
15297, 69, 2390, 130.0, False, 0, 31.5, 31.5, 13.0
15439, 18, 1665, 130.0, False, 0, -19.5, 0, -51.00000000000001
15579, 6, 1641, 130.0, False, 0, -31.5, -31.5, -12.0
15728, 41, 1640, 130.0, False, 0, 3.5, 0, 35.0
15871, 68, 1678, 130.0, False, 0, 30.5, 30.5, 27.0
16007, 33, 1616, 130.0, False, 0, -4.5, 0, -35.0
16152, 5, 1572, 130.0, False, 0, -32.5, -32.5, -28.0
16298, 29, 1558, 130.0, False, 0, -8.5, 0, 24.0
16448, 77, 1528, 130.0, False, 0, 39.5, 0, 48.00000000000001
16580, 49, 1529, 130.0, False, 0, 11.5, 11.5, -28.0
16728, 6, 1490, 130.0, False, 0, -31.5, 0, -43.0
16877, 14, 1486, 130.0, False, 0, -23.5, -23.5, 8.0
17027, 73, 1486, 130.0, False, 0, 35.5, 0, 59.0
17175, 78, 1472, 130.0, False, 0, 40.5, 40.5, 5.0
17318, 19, 1472, 130.0, False, 0, -18.5, 0, -59.0
17471, 5, 1472, 130.0, False, 0, -32.5, -32.5, -14.0
17617, 60, 1472, 130.0, False, 0, 22.5, 0, 55.0
17772, 79, 1472, 130.0, False, 0, 41.5, 41.5, 19.0
17920, 28, 2550, 130.0, False, 0, -9.5, 0, -51.00000000000001
18060, 5, 2550, 130.0, False, 0, -32.5, -32.5, -23.0
18197, 18, 2550, 130.0, False, 0, -19.5, -52.0, 13.0
18338, 62, 1856, 130.0, False, 0, 24.5, 0, 44.0
18497, 51, 1408, 130.0, False, 0, 13.5, 13.5, -11.0
18648, 6, 2063, 130.0, False, 0, -31.5, 0, -45.0
18789, 7, 2072, 130.0, False, 0, -30.5, -30.5, 1.0
18931, 67, 2047, 130.0, False, 0, 29.5, 0, 60.0
19078, 73, 1366, 130.0, False, 0, 35.5, 35.5, 6.0
19219, 7, 2550, 130.0, False, 0, -30.5, 0, -66.00000000000001
19362, 5, 2382, 130.0, False, 0, -32.5, -32.5, -2.0
19507, 47, 2340, 130.0, False, 0, 9.5, 0, 42.0
19658, 61, 2550, 130.0, False, 0, 23.5, 23.5, 14.0
19807, 26, 1280, 130.0, False, 0, -11.5, 0, -35.0
19950, 18, 1250, 130.0, False, 0, -19.5, -19.5, -8.0
20086, 73, 2550, 130.0, False, 0, 35.5, 0, 55.0
20219, 71, 2230, 130.0, False, 0, 33.5, 33.5, -2.0
20358, 64, 2230, 130.0, False, 0, 26.5, 60.0, -7.0
20500, 67, 2227, 130.0, False, 0, 29.5, 89.50000000000001, 3.0
20643, 71, 2227, 130.0, False, 0, 33.5, 123.0, 4.0
20788, 74, 336, 80, False, 0, 36.5, 159.5, 3.0
20928, 78, 2163, 80.50000000000001, False, 0, 40.5, 200.0, 4.0
21077, 78, 1122, 81.0, False, 0, 40.5, 240.5, 0.0
21209, 80, 1114, 81.5, False, 0, 42.5, 283.0, 2.0
21349, 80, 1062, 82.00000000000001, False, 0, 42.5, 325.5, 0.0
21480, 32, 1080, 82.5, False, 0, -5.5, 0, -48.00000000000001
21619, 5, 1076, 83.00000000000001, False, 0, -32.5, -32.5, -27.0
21768, 15, 1066, 83.5, False, 0, -22.5, -55.0, 10.0
21919, 88, 1046, 84.0, False, 0, 50.50000000000001, 0, 73.00000000000001
22068, 79, 1042, 84.50000000000001, False, 0, 41.5, 41.5, -9.0
22210, 37, 1024, 85.0, False, 0, -0.5, 0, -42.0
22352, 34, 1028, 85.50000000000001, False, 0, -3.5, 0, -3.0
22488, 75, 1001, 86.0, False, 0, 37.5, 0, 41.00000000000001
22628, 74, 998, 86.5, False, 0, 36.5, 36.5, -1.0
22779, 30, 979, 87.00000000000001, False, 0, -7.5, 0, -44.0
22942, 26, 2550, 87.5, False, 0, -11.5, -11.5, -4.0
23082, 79, 1906, 88.00000000000001, False, 0, 41.5, 0, 53.00000000000001
23228, 78, 960, 88.5, False, 0, 40.5, 40.5, -1.0
23369, 70, 2550, 89.0, False, 0, 32.5, 73.00000000000001, -8.0
23519, 59, 2550, 89.50000000000001, False, 0, 21.5, 94.50000000000001, -11.0
23657, 56, 2550, 90.0, False, 0, 18.5, 113.0, -3.0
23790, 63, 2550, 90.50000000000001, False, 0, 25.5, 138.5, 7.0
23932, 52, 2550, 91.0, False, 0, 14.5, 153.0, -11.0
24069, 25, 2550, 91.5, False, 0, -12.5, 0, -27.0
24221, 53, 871, 92.00000000000001, False, 0, 15.5, 0, 28.0
24362, 78, 856, 92.5, False, 0, 40.5, 40.5, 25.0
24508, 78, 864, 93.00000000000001, False, 0, 40.5, 81.0, 0.0
24648, 77, 1152, 93.5, False, 0, 39.5, 120.5, -1.0
24798, 66, 2550, 94.0, False, 0, 28.5, 149.0, -11.0
24967, 45, 2550, 94.50000000000001, False, 0, 7.5, 0, -21.0
25110, 58, 2550, 95.0, False, 0, 20.5, 20.5, 13.0
25250, 76, 2550, 95.50000000000001, False, 0, 38.5, 59.0, 18.0
25387, 69, 2550, 96.00000000000001, False, 0, 31.5, 90.50000000000001, -7.0
25528, 20, 2550, 96.5, False, 0, -17.5, 0, -49.0
25672, 11, 2494, 97.00000000000001, False, 0, -26.5, -26.5, -9.0
25826, 75, 2473, 97.5, False, 0, 37.5, 0, 64.0
25968, 77, 2457, 98.00000000000001, False, 0, 39.5, 39.5, 2.0
26112, 55, 2456, 98.50000000000001, False, 0, 17.5, 57.0, -22.0
26254, 30, 2443, 99.0, False, 0, -7.5, 0, -25.0
26389, 40, 2430, 99.50000000000001, False, 0, 2.5, 0, 10.0
26539, 69, 2416, 100.0, False, 0, 31.5, 31.5, 29.0
26680, 59, 2405, 100.5, False, 0, 21.5, 53.00000000000001, -10.0
26827, 6, 2390, 101.0, False, 0, -31.5, 0, -53.00000000000001
26969, 4, 2378, 101.5, False, 0, -33.5, -33.5, -2.0
27109, 70, 2354, 102.0, False, 0, 32.5, 0, 66.00000000000001
27251, 77, 2340, 102.5, False, 0, 39.5, 39.5, 7.0
27390, 21, 2340, 103.0, False, 0, -16.5, 0, -56.00000000000001
27527, 6, 2340, 103.5, False, 0, -31.5, -31.5, -15.0
27667, 25, 2320, 104.0, False, 0, -12.5, -44.0, 19.0
27812, 61, 2306, 104.5, False, 0, 23.5, 0, 36.0
27952, 55, 2291, 105.0, False, 0, 17.5, 17.5, -6.0
28108, 15, 2282, 105.5, False, 0, -22.5, 0, -40.0
28250, 19, 2265, 106.0, False, 0, -18.5, -18.5, 4.0
28392, 71, 2252, 106.5, False, 0, 33.5, 0, 52.0
28532, 72, 2230, 107.0, False, 0, 34.5, 34.5, 1.0
28672, 7, 2550, 107.5, False, 0, -30.5, 0, -65.0
28817, 5, 2550, 108.0, False, 0, -32.5, -32.5, -2.0
28977, 66, 2550, 108.5, False, 0, 28.5, 0, 61.00000000000001
29118, 67, 2550, 109.0, False, 0, 29.5, 29.5, 1.0
29257, 13, 2550, 109.5, False, 0, -24.5, 0, -54.0
29400, 5, 2550, 110.0, False, 0, -32.5, -32.5, -8.0
29542, 35, 2550, 110.5, False, 0, -2.5, 0, 30.0
29692, 57, 2550, 111.0, False, 0, 19.5, 0, 22.0
29860, 21, 2550, 111.5, False, 0, -16.5, 0, -36.0
30002, 6, 2550, 112.0, False, 0, -31.5, -31.5, -15.0
30138, 49, 2550, 112.5, False, 0, 11.5, 0, 43.0
30271, 70, 2550, 113.0, False, 0, 32.5, 32.5, 21.0
30418, 24, 2550, 113.5, False, 0, -13.5, 0, -46.00000000000001
30558, 6, 2550, 114.0, False, 0, -31.5, -31.5, -18.0
30710, 22, 2550, 114.5, False, 0, -15.5, -47.0, 16.0
30868, 61, 2550, 115.0, False, 0, 23.5, 0, 39.0
31017, 55, 2550, 115.5, False, 0, 17.5, 17.5, -6.0
31171, 10, 2550, 116.0, False, 0, -27.5, 0, -45.0
31319, 9, 2550, 116.5, False, 0, -28.5, -28.5, -1.0
31460, 74, 2550, 117.0, False, 0, 36.5, 0, 65.0
31597, 76, 2550, 117.5, False, 0, 38.5, 38.5, 2.0
31754, 6, 2550, 118.0, False, 0, -31.5, 0, -70.0
31922, 5, 2550, 118.5, False, 0, -32.5, -32.5, -1.0
32058, 75, 2550, 119.0, False, 0, 37.5, 0, 70.0
32197, 77, 2550, 119.5, False, 0, 39.5, 39.5, 2.0
32348, 30, 2550, 120.0, False, 0, -7.5, 0, -47.0
32492, 14, 2550, 120.5, False, 0, -23.5, -23.5, -16.0
32632, 63, 2550, 121.0, False, 0, 25.5, 0, 49.0
32780, 74, 1824, 121.5, False, 0, 36.5, 36.5, 11.0
32927, 29, 2550, 122.0, False, 0, -8.5, 0, -45.0
33068, 5, 2550, 122.5, False, 0, -32.5, -32.5, -24.0
33212, 29, 2550, 123.0, False, 0, -8.5, 0, 24.0
33358, 70, 1786, 123.5, False, 0, 32.5, 0, 41.00000000000001
33501, 38, 1764, 124.0, False, 0, 0.5, 0, -32.0
33638, 5, 1764, 124.5, False, 0, -32.5, 0, -33.0
33781, 10, 2550, 125.0, False, 0, -27.5, -27.5, 5.0
33925, 64, 1738, 125.5, False, 0, 26.5, 0, 54.0
34067, 74, 2550, 126.0, False, 0, 36.5, 36.5, 10.0
34218, 16, 2550, 126.5, False, 0, -21.5, 0, -58.00000000000001
34371, 5, 1680, 127.0, False, 0, -32.5, -32.5, -11.0
34562, 45, 1672, 127.5, False, 0, 7.5, 0, 40.0
34701, 72, 1640, 128.0, False, 0, 34.5, 34.5, 27.0
34840, 46, 2550, 128.5, False, 0, 8.5, 0, -26.0
34990, 6, 2550, 129.0, False, 0, -31.5, 0, -40.0
35131, 26, 1573, 129.5, False, 0, -11.5, -11.5, 20.0
35270, 76, 1571, 130.0, False, 0, 38.5, 0, 50.0
35403, 54, 1572, 130.0, False, 0, 16.5, 16.5, -22.0
35547, 16, 2550, 130.0, False, 0, -21.5, 0, -38.0
35681, 46, 1498, 130.0, False, 0, 8.5, 0, 30.0
35821, 78, 1474, 130.0, False, 0, 40.5, 40.5, 32.0
35960, 71, 1456, 130.0, False, 0, 33.5, 74.0, -7.0
36117, 53, 1422, 130.0, False, 0, 15.5, 89.50000000000001, -18.0
36261, 68, 1444, 130.0, False, 0, 30.5, 120.0, 15.0
36400, 74, 2550, 130.0, False, 0, 36.5, 156.5, 6.0
36538, 70, 2550, 130.0, False, 0, 32.5, 189.0, -4.0
36696, 69, 1422, 130.0, False, 0, 31.5, 220.5, -1.0
36859, 63, 2550, 130.0, False, 0, 25.5, 246.0, -6.0
37002, 38, 2550, 130.0, False, 0, 0.5, 0, -25.0
37148, 19, 2550, 130.0, False, 0, -18.5, 0, -19.0
37289, 76, 2550, 130.0, False, 0, 38.5, 0, 57.0
37436, 82, 2550, 130.0, False, 0, 44.5, 44.5, 6.0
37576, 80, 2550, 130.0, False, 0, 42.5, 87.00000000000001, -2.0
37709, 73, 2550, 130.0, False, 0, 35.5, 122.5, -7.0
37851, 64, 2550, 130.0, False, 0, 26.5, 149.0, -9.0
37997, 48, 2550, 130.0, False, 0, 10.5, 159.5, -16.0
38142, 27, 2550, 130.0, False, 0, -10.5, 0, -21.0
38288, 58, 2550, 130.0, False, 0, 20.5, 0, 31.0
38427, 78, 2550, 130.0, False, 0, 40.5, 40.5, 20.0
38578, 80, 2550, 130.0, False, 0, 42.5, 83.00000000000001, 2.0
38711, 79, 2550, 130.0, False, 0, 41.5, 124.5, -1.0
38851, 79, 2550, 130.0, False, 0, 41.5, 166.0, 0.0
38992, 79, 2550, 130.0, False, 0, 41.5, 207.5, 0.0
39129, 52, 2550, 130.0, False, 0, 14.5, 222.0, -27.0
39281, 19, 2550, 130.0, False, 0, -18.5, 0, -33.0
39427, 52, 2550, 130.0, False, 0, 14.5, 0, 33.0
39575, 80, 2550, 130.0, False, 0, 42.5, 42.5, 28.0
39727, 80, 2550, 130.0, False, 0, 42.5, 85.0, 0.0
39872, 75, 2550, 130.0, False, 0, 37.5, 122.5, -5.0
40047, 61, 2550, 130.0, False, 0, 23.5, 146.0, -14.0
40198, 37, 2550, 130.0, False, 0, -0.5, 0, -24.0
40340, 21, 2550, 130.0, False, 0, -16.5, -16.5, -16.0
40478, 54, 2550, 130.0, False, 0, 16.5, 0, 33.0
40627, 75, 2550, 130.0, False, 0, 37.5, 37.5, 21.0
40777, 10, 2550, 130.0, False, 0, -27.5, 0, -65.0
40919, 6, 2550, 130.0, False, 0, -31.5, -31.5, -4.0
41061, 62, 2550, 130.0, False, 0, 24.5, 0, 56.00000000000001
41209, 54, 2550, 130.0, False, 0, 16.5, 16.5, -8.0
41357, 15, 2550, 130.0, False, 0, -22.5, 0, -39.0
41499, 11, 2550, 130.0, False, 0, -26.5, -26.5, -4.0
41637, 58, 2550, 130.0, False, 0, 20.5, 0, 47.0
41780, 73, 2550, 130.0, False, 0, 35.5, 35.5, 15.0
41927, 18, 2550, 130.0, False, 0, -19.5, 0, -55.0
42069, 6, 2550, 130.0, False, 0, -31.5, -31.5, -12.0
42219, 76, 2550, 130.0, False, 0, 38.5, 0, 70.0
42358, 78, 2550, 130.0, False, 0, 40.5, 40.5, 2.0
42488, 4, 2550, 130.0, False, 0, -33.5, 0, -74.0
42652, 7, 2550, 130.0, False, 0, -30.5, -30.5, 3.0
42801, 72, 2550, 130.0, False, 0, 34.5, 0, 65.0
42958, 77, 2550, 130.0, False, 0, 39.5, 39.5, 5.0
43100, 14, 2550, 130.0, False, 0, -23.5, 0, -63.00000000000001
43249, 5, 2550, 130.0, False, 0, -32.5, -32.5, -9.0
43408, 48, 2550, 130.0, False, 0, 10.5, 0, 43.0
43558, 70, 2550, 130.0, False, 0, 32.5, 32.5, 22.0
43711, 18, 2550, 130.0, False, 0, -19.5, 0, -52.0
43867, 5, 2550, 130.0, False, 0, -32.5, -32.5, -13.0
44000, 65, 2550, 130.0, False, 0, 27.5, 0, 60.0
44141, 71, 2550, 130.0, False, 0, 33.5, 33.5, 6.0
44289, 15, 2550, 130.0, False, 0, -22.5, 0, -56.00000000000001
44432, 5, 2550, 130.0, False, 0, -32.5, -32.5, -10.0
44602, 54, 1875, 130.0, False, 0, 16.5, 0, 49.0
44757, 70, 1864, 130.0, False, 0, 32.5, 32.5, 16.0
44911, 10, 2550, 130.0, False, 0, -27.5, 0, -60.0
45091, 5, 2550, 130.0, False, 0, -32.5, -32.5, -5.0
45252, 72, 1799, 130.0, False, 0, 34.5, 0, 67.0
45388, 81, 1793, 130.0, False, 0, 43.50000000000001, 43.50000000000001, 9.0
45522, 59, 1793, 130.0, False, 0, 21.5, 65.0, -22.0
45662, 8, 1793, 130.0, False, 0, -29.5, 0, -51.00000000000001
45798, 11, 1793, 130.0, False, 0, -26.5, -26.5, 3.0
45942, 70, 1793, 130.0, False, 0, 32.5, 0, 59.0
46089, 68, 1793, 130.0, False, 0, 30.5, 30.5, -2.0
46228, 14, 1793, 130.0, False, 0, -23.5, 0, -54.0
46371, 6, 1793, 130.0, False, 0, -31.5, -31.5, -8.0
46511, 67, 1793, 130.0, False, 0, 29.5, 0, 61.00000000000001
46661, 80, 326, 80, False, 0, 42.5, 42.5, 13.0
46807, 49, 326, 80, False, 0, 11.5, 54.0, -31.0
46959, 10, 1607, 80.50000000000001, False, 0, -27.5, 0, -39.0
47101, 30, 1580, 81.0, False, 0, -7.5, 0, 20.0
47242, 69, 1740, 81.5, False, 0, 31.5, 0, 39.0
47391, 50, 1536, 82.00000000000001, False, 0, 12.5, 12.5, -19.0
47533, 8, 1529, 82.5, False, 0, -29.5, 0, -42.0
47678, 6, 1503, 83.00000000000001, False, 0, -31.5, -31.5, -2.0
47819, 61, 2155, 83.5, False, 0, 23.5, 0, 55.0
47958, 72, 2130, 84.0, False, 0, 34.5, 34.5, 11.0
48110, 8, 1490, 84.50000000000001, False, 0, -29.5, 0, -64.0
48260, 5, 1468, 85.0, False, 0, -32.5, -32.5, -3.0
48398, 38, 1426, 85.50000000000001, False, 0, 0.5, 0, 33.0
48547, 46, 1404, 86.0, False, 0, 8.5, 0, 8.0
48688, 22, 1464, 86.5, False, 0, -15.5, 0, -24.0
48829, 11, 1438, 87.00000000000001, False, 0, -26.5, -26.5, -11.0
48987, 50, 1397, 87.5, False, 0, 12.5, 0, 39.0
49128, 74, 1252, 88.00000000000001, False, 0, 36.5, 36.5, 24.0
49278, 30, 1351, 88.5, False, 0, -7.5, 0, -44.0
49419, 14, 1464, 89.0, False, 0, -23.5, -23.5, -16.0
49589, 13, 1361, 89.50000000000001, False, 0, -24.5, -48.00000000000001, -1.0
49741, 66, 1330, 90.0, False, 0, 28.5, 0, 53.00000000000001
49880, 78, 1174, 90.50000000000001, False, 0, 40.5, 40.5, 12.0
50017, 72, 1330, 91.0, False, 0, 34.5, 75.0, -6.0
50157, 53, 1406, 91.5, False, 0, 15.5, 90.50000000000001, -19.0
50301, 39, 1380, 92.00000000000001, False, 0, 1.5, 0, -14.0
50441, 70, 1370, 92.5, False, 0, 32.5, 32.5, 31.0
50592, 82, 1378, 93.00000000000001, False, 0, 44.5, 77.0, 12.0
50748, 80, 1343, 93.5, False, 0, 42.5, 119.5, -2.0
50882, 61, 1332, 94.0, False, 0, 23.5, 143.0, -19.0
51020, 16, 2550, 94.50000000000001, False, 0, -21.5, 0, -45.0
51159, 12, 2550, 95.0, False, 0, -25.5, -25.5, -4.0
51302, 81, 1336, 95.50000000000001, False, 0, 43.50000000000001, 0, 69.0
51450, 79, 1309, 96.00000000000001, False, 0, 41.5, 41.5, -2.0
51599, 81, 1278, 96.5, False, 0, 43.50000000000001, 85.0, 2.0
51750, 80, 2550, 97.00000000000001, False, 0, 42.5, 127.5, -1.0
51892, 79, 2550, 97.5, False, 0, 41.5, 169.0, -1.0
52034, 69, 2550, 98.00000000000001, False, 0, 31.5, 200.5, -10.0
52179, 15, 2550, 98.50000000000001, False, 0, -22.5, 0, -54.0
52328, 14, 2550, 99.0, False, 0, -23.5, -23.5, -1.0
52471, 80, 2550, 99.50000000000001, False, 0, 42.5, 0, 66.00000000000001
52631, 78, 2550, 100.0, False, 0, 40.5, 40.5, -2.0
52798, 69, 2550, 100.5, False, 0, 31.5, 72.0, -9.0
52940, 57, 2550, 101.0, False, 0, 19.5, 91.5, -12.0
53080, 46, 2550, 101.5, False, 0, 8.5, 0, -11.0
53210, 60, 2550, 102.0, False, 0, 22.5, 22.5, 14.0
53368, 75, 2550, 102.5, False, 0, 37.5, 60.0, 15.0
53507, 65, 2550, 103.0, False, 0, 27.5, 87.5, -10.0
53650, 43, 2550, 103.5, False, 0, 5.5, 0, -22.0
53810, 67, 2550, 104.0, False, 0, 29.5, 29.5, 24.0
53957, 76, 1267, 104.5, False, 0, 38.5, 68.00000000000001, 9.0
54109, 74, 2550, 105.0, False, 0, 36.5, 104.5, -2.0
54259, 68, 2550, 105.5, False, 0, 30.5, 135.0, -6.0
54400, 56, 2550, 106.0, False, 0, 18.5, 153.5, -12.0
54547, 44, 2550, 106.5, False, 0, 6.5, 0, -12.0
54692, 55, 2550, 107.0, False, 0, 17.5, 17.5, 11.0
54831, 76, 2550, 107.5, False, 0, 38.5, 56.00000000000001, 21.0
54988, 73, 2550, 108.0, False, 0, 35.5, 91.5, -3.0
55140, 67, 2550, 108.5, False, 0, 29.5, 121.0, -6.0
55282, 58, 2550, 109.0, False, 0, 20.5, 141.5, -9.0
55427, 35, 2550, 109.5, False, 0, -2.5, 0, -23.0
55588, 41, 2550, 110.0, False, 0, 3.5, 0, 6.0
55730, 61, 2550, 110.5, False, 0, 23.5, 23.5, 20.0
55871, 39, 2550, 111.0, False, 0, 1.5, 0, -22.0
56010, 17, 2550, 111.5, False, 0, -20.5, 0, -22.0
56149, 58, 2550, 112.0, False, 0, 20.5, 0, 41.00000000000001
56290, 79, 2550, 112.5, False, 0, 41.5, 41.5, 21.0
56426, 37, 2550, 113.0, False, 0, -0.5, 0, -42.0
56559, 5, 2471, 113.5, False, 0, -32.5, -32.5, -32.0
56700, 41, 2412, 114.0, False, 0, 3.5, 0, 36.0
56859, 71, 2550, 114.5, False, 0, 33.5, 33.5, 30.0
57018, 21, 2550, 115.0, False, 0, -16.5, 0, -50.0
57158, 5, 2550, 115.5, False, 0, -32.5, -32.5, -16.0
57299, 15, 2367, 116.0, False, 0, -22.5, -55.0, 10.0
57452, 53, 2378, 116.5, False, 0, 15.5, 0, 38.0
57597, 67, 2271, 117.0, False, 0, 29.5, 29.5, 14.0
57748, 24, 2550, 117.5, False, 0, -13.5, 0, -43.0
57886, 6, 2299, 118.0, False, 0, -31.5, -31.5, -18.0
58021, 49, 2213, 118.5, False, 0, 11.5, 0, 43.0
58168, 70, 2550, 119.0, False, 0, 32.5, 32.5, 21.0
58310, 33, 2550, 119.5, False, 0, -4.5, 0, -37.0
58450, 6, 2550, 120.0, False, 0, -31.5, -31.5, -27.0
58601, 35, 2214, 120.5, False, 0, -2.5, 0, 29.0
58748, 74, 2181, 121.0, False, 0, 36.5, 0, 39.0
58878, 52, 2550, 121.5, False, 0, 14.5, 14.5, -22.0
59041, 6, 2132, 122.0, False, 0, -31.5, 0, -46.00000000000001
59199, 32, 2114, 122.5, False, 0, -5.5, 0, 26.0
59351, 77, 2550, 123.0, False, 0, 39.5, 0, 45.0
59487, 60, 2382, 123.5, False, 0, 22.5, 22.5, -17.0
59639, 8, 2366, 124.0, False, 0, -29.5, 0, -52.0
59790, 14, 2231, 124.5, False, 0, -23.5, -23.5, 6.0
59937, 78, 2185, 125.0, False, 0, 40.5, 0, 64.0
60081, 74, 1989, 125.5, False, 0, 36.5, 36.5, -4.0
60238, 5, 1927, 126.0, False, 0, -32.5, 0, -69.0
60388, 5, 1909, 126.5, False, 0, -32.5, -32.5, 0.0
60527, 67, 1892, 127.0, False, 0, 29.5, 0, 62.0
60668, 77, 1900, 127.5, False, 0, 39.5, 39.5, 10.0
60818, 11, 1843, 128.0, False, 0, -26.5, 0, -66.00000000000001
60950, 6, 1829, 128.5, False, 0, -31.5, -31.5, -5.0
61093, 42, 1805, 129.0, False, 0, 4.5, 0, 36.0
61230, 68, 1791, 129.5, False, 0, 30.5, 30.5, 26.0
61368, 33, 1771, 130.0, False, 0, -4.5, 0, -35.0
61501, 9, 1748, 130.0, False, 0, -28.5, -28.5, -24.0
61641, 11, 1730, 130.0, False, 0, -26.5, -55.0, 2.0
61800, 57, 1706, 130.0, False, 0, 19.5, 0, 46.00000000000001
61951, 69, 1694, 130.0, False, 0, 31.5, 31.5, 12.0
62093, 16, 1671, 130.0, False, 0, -21.5, 0, -53.00000000000001
62246, 5, 1656, 130.0, False, 0, -32.5, -32.5, -11.0
62392, 73, 1627, 130.0, False, 0, 35.5, 0, 68.00000000000001
62541, 75, 1611, 130.0, False, 0, 37.5, 37.5, 2.0
62686, 22, 1588, 130.0, False, 0, -15.5, 0, -53.00000000000001
62849, 5, 1567, 130.0, False, 0, -32.5, -32.5, -17.0
63009, 65, 1551, 130.0, False, 0, 27.5, 0, 60.0
63160, 73, 1535, 130.0, False, 0, 35.5, 35.5, 8.0
63308, 17, 1512, 130.0, False, 0, -20.5, 0, -56.00000000000001
63469, 6, 1489, 130.0, False, 0, -31.5, -31.5, -11.0
63619, 59, 1482, 130.0, False, 0, 21.5, 0, 53.00000000000001
63779, 72, 1448, 130.0, False, 0, 34.5, 34.5, 13.0
63952, 18, 1421, 130.0, False, 0, -19.5, 0, -54.0
64127, 5, 1399, 130.0, False, 0, -32.5, -32.5, -13.0
64312, 64, 1376, 130.0, False, 0, 26.5, 0, 59.0
64460, 76, 1360, 130.0, False, 0, 38.5, 38.5, 12.0
64600, 15, 1360, 130.0, False, 0, -22.5, 0, -61.00000000000001
64767, 16, 1360, 130.0, False, 0, -21.5, -21.5, 1.0
64908, 77, 1360, 130.0, False, 0, 39.5, 0, 61.00000000000001
65056, 78, 1360, 130.0, False, 0, 40.5, 40.5, 1.0
65208, 79, 1360, 130.0, False, 0, 41.5, 82.00000000000001, 1.0
65347, 81, 1246, 130.0, False, 0, 43.50000000000001, 125.5, 2.0
65489, 79, 1219, 130.0, False, 0, 41.5, 167.0, -2.0
65657, 79, 1199, 130.0, False, 0, 41.5, 208.5, 0.0
65798, 79, 1187, 130.0, False, 0, 41.5, 250.0, 0.0
65940, 76, 1183, 130.0, False, 0, 38.5, 288.5, -3.0
66079, 77, 1164, 130.0, False, 0, 39.5, 328.0, 1.0
66239, 75, 1866, 130.0, False, 0, 37.5, 365.5, -2.0
66381, 5, 1842, 130.0, False, 0, -32.5, 0, -70.0
66537, 5, 1817, 130.0, False, 0, -32.5, -32.5, 0.0
66682, 10, 1801, 130.0, False, 0, -27.5, -60.0, 5.0
66837, 20, 1779, 130.0, False, 0, -17.5, -77.5, 10.0
66968, 66, 1767, 130.0, False, 0, 28.5, 0, 46.00000000000001
67122, 70, 1752, 130.0, False, 0, 32.5, 32.5, 4.0
67267, 71, 1726, 130.0, False, 0, 33.5, 66.00000000000001, 1.0
67417, 71, 1706, 130.0, False, 0, 33.5, 99.50000000000001, 0.0
67560, 69, 1688, 130.0, False, 0, 31.5, 131.0, -2.0
67701, 74, 1662, 130.0, False, 0, 36.5, 167.5, 5.0
67869, 76, 1648, 130.0, False, 0, 38.5, 206.0, 2.0
68011, 37, 1638, 130.0, False, 0, -0.5, 0, -39.0
68148, 23, 1625, 130.0, False, 0, -14.5, -14.5, -14.0
68306, 78, 1597, 130.0, False, 0, 40.5, 0, 55.0
68448, 80, 1581, 130.0, False, 0, 42.5, 42.5, 2.0
68581, 80, 1569, 130.0, False, 0, 42.5, 85.0, 0.0
68728, 78, 1563, 130.0, False, 0, 40.5, 125.5, -2.0
68886, 79, 1551, 130.0, False, 0, 41.5, 167.0, 1.0
69047, 75, 2550, 130.0, False, 0, 37.5, 204.5, -4.0
69188, 73, 2550, 130.0, False, 0, 35.5, 240.0, -2.0
69337, 44, 2550, 130.0, False, 0, 6.5, 0, -29.0
69497, 5, 2550, 130.0, False, 0, -32.5, 0, -39.0
69630, 5, 2550, 130.0, False, 0, -32.5, -32.5, 0.0
69772, 29, 2550, 130.0, False, 0, -8.5, 0, 24.0
69927, 42, 2550, 130.0, False, 0, 4.5, 0, 13.0
70072, 24, 2550, 130.0, False, 0, -13.5, 0, -18.0
70227, 10, 2550, 130.0, False, 0, -27.5, -27.5, -14.0
70398, 50, 2550, 130.0, False, 0, 12.5, 0, 40.0
70542, 69, 2550, 130.0, False, 0, 31.5, 31.5, 19.0
70691, 14, 2550, 130.0, False, 0, -23.5, 0, -55.0
70827, 4, 2550, 130.0, False, 0, -33.5, -33.5, -10.0
70971, 48, 2550, 130.0, False, 0, 10.5, 0, 44.0
71118, 68, 2550, 130.0, False, 0, 30.5, 30.5, 20.0
71258, 50, 2550, 130.0, False, 0, 12.5, 43.0, -18.0
71417, 7, 2550, 130.0, False, 0, -30.5, 0, -43.0
71559, 12, 2550, 130.0, False, 0, -25.5, -25.5, 5.0
71701, 55, 2550, 130.0, False, 0, 17.5, 0, 43.0
71850, 58, 1876, 130.0, False, 0, 20.5, 20.5, 3.0
71988, 15, 2550, 130.0, False, 0, -22.5, 0, -43.0
72131, 7, 2550, 130.0, False, 0, -30.5, -30.5, -8.0
72276, 58, 2380, 130.0, False, 0, 20.5, 0, 51.00000000000001
72422, 73, 2550, 130.0, False, 0, 35.5, 35.5, 15.0
72567, 46, 2495, 130.0, False, 0, 8.5, 0, -27.0
72717, 8, 1762, 130.0, False, 0, -29.5, 0, -38.0
72850, 32, 1726, 130.0, False, 0, -5.5, 0, 24.0
72999, 83, 2550, 130.0, False, 0, 45.5, 0, 51.00000000000001
73149, 43, 1687, 130.0, False, 0, 5.5, 0, -40.0
73299, 5, 1668, 130.0, False, 0, -32.5, 0, -38.0
73439, 8, 1648, 130.0, False, 0, -29.5, -29.5, 3.0
73580, 45, 2350, 130.0, False, 0, 7.5, 0, 37.0
73717, 66, 2288, 130.0, False, 0, 28.5, 28.5, 21.0
73878, 17, 1603, 130.0, False, 0, -20.5, 0, -49.0
74019, 5, 1566, 130.0, False, 0, -32.5, -32.5, -12.0
74161, 52, 1577, 130.0, False, 0, 14.5, 0, 47.0
74315, 76, 1557, 130.0, False, 0, 38.5, 38.5, 24.0
74459, 17, 1520, 130.0, False, 0, -20.5, 0, -59.0
74596, 6, 1520, 130.0, False, 0, -31.5, -31.5, -11.0
74757, 41, 1520, 130.0, False, 0, 3.5, 0, 35.0
74901, 57, 1520, 130.0, False, 0, 19.5, 19.5, 16.0
75038, 16, 1520, 130.0, False, 0, -21.5, 0, -41.00000000000001
75180, 7, 1520, 130.0, False, 0, -30.5, -30.5, -9.0
75321, 66, 1520, 130.0, False, 0, 28.5, 0, 59.0
75485, 78, 1520, 130.0, False, 0, 40.5, 40.5, 12.0
75628, 7, 1520, 130.0, False, 0, -30.5, 0, -71.00000000000001
75768, 6, 1366, 130.0, False, 0, -31.5, -31.5, -1.0
75908, 38, 1490, 130.0, False, 0, 0.5, 0, 32.0
76040, 64, 1490, 130.0, False, 0, 26.5, 26.5, 26.0
76187, 25, 1420, 130.0, False, 0, -12.5, 0, -39.0
76347, 6, 1421, 130.0, False, 0, -31.5, -31.5, -19.0
76490, 48, 1397, 130.0, False, 0, 10.5, 0, 42.0
76641, 75, 1413, 130.0, False, 0, 37.5, 37.5, 27.0
76781, 36, 2550, 130.0, False, 0, -1.5, 0, -39.0
76927, 6, 1468, 130.0, False, 0, -31.5, -31.5, -30.0
77078, 33, 2550, 130.0, False, 0, -4.5, 0, 27.0
77218, 75, 1341, 130.0, False, 0, 37.5, 0, 42.0
77360, 61, 2343, 130.0, False, 0, 23.5, 23.5, -14.0
77517, 17, 1716, 130.0, False, 0, -20.5, 0, -44.0
77657, 10, 1305, 130.0, False, 0, -27.5, -27.5, -7.0
77800, 79, 1262, 130.0, False, 0, 41.5, 0, 69.0
77941, 74, 1227, 130.0, False, 0, 36.5, 36.5, -5.0
78080, 70, 2261, 130.0, False, 0, 32.5, 69.0, -4.0
78220, 69, 2243, 130.0, False, 0, 31.5, 100.5, -1.0
78360, 68, 2243, 130.0, False, 0, 30.5, 131.0, -1.0
78492, 71, 2243, 130.0, False, 0, 33.5, 164.5, 3.0
78657, 72, 1942, 130.0, False, 0, 34.5, 199.0, 1.0
78800, 75, 1160, 130.0, False, 0, 37.5, 236.5, 3.0
78947, 79, 1121, 130.0, False, 0, 41.5, 278.0, 4.0
79118, 61, 1092, 130.0, False, 0, 23.5, 301.5, -18.0
79261, 6, 1080, 130.0, False, 0, -31.5, 0, -55.0
79403, 13, 1058, 130.0, False, 0, -24.5, -24.5, 7.0
79547, 82, 1036, 130.0, False, 0, 44.5, 0, 69.0
79688, 78, 1024, 130.0, False, 0, 40.5, 40.5, -4.0
79822, 61, 1000, 130.0, False, 0, 23.5, 64.0, -17.0
79980, 49, 998, 130.0, False, 0, 11.5, 75.50000000000001, -12.0
80128, 67, 978, 130.0, False, 0, 29.5, 105.0, 18.0
80278, 77, 976, 130.0, False, 0, 39.5, 144.5, 10.0
80417, 45, 2550, 130.0, False, 0, 7.5, 0, -32.0
80558, 16, 2550, 130.0, False, 0, -21.5, 0, -29.0
80705, 79, 2550, 130.0, False, 0, 41.5, 0, 63.00000000000001
80858, 79, 2018, 130.0, False, 0, 41.5, 41.5, 0.0
80991, 76, 2550, 130.0, False, 0, 38.5, 80.0, -3.0
81130, 78, 853, 130.0, False, 0, 40.5, 120.5, 2.0
81267, 79, 827, 130.0, False, 0, 41.5, 162.0, 1.0
81400, 79, 826, 130.0, False, 0, 41.5, 203.5, 0.0
81550, 78, 2550, 130.0, False, 0, 40.5, 244.0, -1.0
81702, 74, 2550, 130.0, False, 0, 36.5, 280.5, -4.0
81833, 72, 2550, 130.0, False, 0, 34.5, 315.0, -2.0
81980, 68, 2550, 130.0, False, 0, 30.5, 345.5, -4.0
82128, 9, 2550, 130.0, False, 0, -28.5, 0, -59.0
82269, 5, 2550, 130.0, False, 0, -32.5, -32.5, -4.0
82408, 5, 2485, 130.0, False, 0, -32.5, -65.0, 0.0
82548, 5, 2449, 130.0, False, 0, -32.5, -97.5, 0.0
82692, 6, 2431, 130.0, False, 0, -31.5, -129.0, 1.0
82827, 29, 2404, 130.0, False, 0, -8.5, 0, 23.0
82969, 74, 2374, 130.0, False, 0, 36.5, 0, 45.0
83121, 72, 2359, 130.0, False, 0, 34.5, 34.5, -2.0
83268, 6, 2351, 130.0, False, 0, -31.5, 0, -66.00000000000001
83411, 5, 2342, 130.0, False, 0, -32.5, -32.5, -1.0
83580, 49, 2313, 130.0, False, 0, 11.5, 0, 44.0
83748, 53, 2297, 130.0, False, 0, 15.5, 15.5, 4.0
83899, 18, 2290, 130.0, False, 0, -19.5, 0, -35.0
84058, 14, 2267, 130.0, False, 0, -23.5, -23.5, -4.0
84191, 67, 2249, 130.0, False, 0, 29.5, 0, 53.00000000000001
84328, 74, 2249, 130.0, False, 0, 36.5, 36.5, 7.0
84470, 41, 2231, 130.0, False, 0, 3.5, 0, -33.0
84619, 15, 2550, 130.0, False, 0, -22.5, 0, -26.0
84769, 43, 2550, 130.0, False, 0, 5.5, 0, 28.0
84911, 73, 2550, 130.0, False, 0, 35.5, 35.5, 30.0
85068, 30, 2550, 130.0, False, 0, -7.5, 0, -43.0
85218, 9, 2550, 130.0, False, 0, -28.5, -28.5, -21.0
85358, 47, 2550, 130.0, False, 0, 9.5, 0, 38.0
85510, 68, 2550, 130.0, False, 0, 30.5, 30.5, 21.0
85657, 14, 2550, 130.0, False, 0, -23.5, 0, -54.0
85792, 5, 2550, 130.0, False, 0, -32.5, -32.5, -9.0
85947, 41, 2550, 130.0, False, 0, 3.5, 0, 36.0
86081, 69, 2550, 130.0, False, 0, 31.5, 31.5, 28.0
86213, 33, 2550, 130.0, False, 0, -4.5, 0, -36.0
86374, 5, 2550, 130.0, False, 0, -32.5, -32.5, -28.0
86509, 26, 2550, 130.0, False, 0, -11.5, -44.0, 21.0
86656, 74, 2550, 130.0, False, 0, 36.5, 0, 48.00000000000001
86800, 71, 2550, 130.0, False, 0, 33.5, 33.5, -3.0
86942, 8, 2550, 130.0, False, 0, -29.5, 0, -63.00000000000001
87085, 5, 2550, 130.0, False, 0, -32.5, -32.5, -3.0
87232, 58, 2550, 130.0, False, 0, 20.5, 0, 53.00000000000001
87362, 70, 2550, 130.0, False, 0, 32.5, 32.5, 12.0
87516, 28, 2550, 130.0, False, 0, -9.5, 0, -42.0
87657, 8, 2550, 130.0, False, 0, -29.5, -29.5, -20.0
87807, 47, 2253, 130.0, False, 0, 9.5, 0, 39.0
87949, 72, 1839, 130.0, False, 0, 34.5, 34.5, 25.0
88098, 28, 1821, 130.0, False, 0, -9.5, 0, -44.0
88243, 5, 2550, 130.0, False, 0, -32.5, -32.5, -23.0
88387, 39, 2550, 130.0, False, 0, 1.5, 0, 34.0
88526, 68, 1794, 130.0, False, 0, 30.5, 30.5, 29.0
88661, 22, 1787, 130.0, False, 0, -15.5, 0, -46.00000000000001
88801, 5, 326, 80, False, 0, -32.5, -32.5, -17.0
88940, 49, 2550, 80.50000000000001, False, 0, 11.5, 0, 44.0
89077, 69, 2550, 81.0, False, 0, 31.5, 31.5, 20.0
89221, 29, 1718, 81.5, False, 0, -8.5, 0, -40.0
89361, 6, 2550, 82.00000000000001, False, 0, -31.5, -31.5, -23.0
89513, 57, 2550, 82.5, False, 0, 19.5, 0, 51.00000000000001
89662, 78, 2550, 83.00000000000001, False, 0, 40.5, 40.5, 21.0
89806, 60, 2550, 83.5, False, 0, 22.5, 63.00000000000001, -18.0
89952, 6, 1657, 84.0, False, 0, -31.5, 0, -54.0
90102, 5, 2550, 84.50000000000001, False, 0, -32.5, -32.5, -1.0
90247, 40, 2550, 85.0, False, 0, 2.5, 0, 35.0
90389, 51, 1632, 85.50000000000001, False, 0, 13.5, 13.5, 11.0
90521, 12, 2550, 86.0, False, 0, -25.5, 0, -39.0
90659, 8, 2550, 86.5, False, 0, -29.5, -29.5, -4.0
90808, 69, 1597, 87.00000000000001, False, 0, 31.5, 0, 61.00000000000001
90942, 75, 2550, 87.5, False, 0, 37.5, 37.5, 6.0
91092, 11, 1573, 88.00000000000001, False, 0, -26.5, 0, -64.0
91238, 5, 2550, 88.5, False, 0, -32.5, -32.5, -6.0
91381, 53, 1559, 89.0, False, 0, 15.5, 0, 48.00000000000001
91532, 80, 1551, 89.50000000000001, False, 0, 42.5, 42.5, 27.0
91682, 45, 1513, 90.0, False, 0, 7.5, 0, -35.0
91819, 6, 1509, 90.50000000000001, False, 0, -31.5, 0, -39.0
91970, 39, 1490, 91.0, False, 0, 1.5, 0, 33.0
92106, 77, 1456, 91.5, False, 0, 39.5, 39.5, 38.0
92248, 74, 1472, 92.00000000000001, False, 0, 36.5, 76.00000000000001, -3.0
92399, 73, 2550, 92.5, False, 0, 35.5, 111.5, -1.0
92537, 53, 1452, 93.00000000000001, False, 0, 15.5, 127.0, -20.0
92678, 26, 1448, 93.5, False, 0, -11.5, 0, -27.0
92815, 46, 2550, 94.0, False, 0, 8.5, 0, 20.0
92951, 75, 2550, 94.50000000000001, False, 0, 37.5, 37.5, 29.0
93092, 74, 2550, 95.0, False, 0, 36.5, 74.0, -1.0
93228, 72, 2550, 95.50000000000001, False, 0, 34.5, 108.5, -2.0
93381, 72, 2550, 96.00000000000001, False, 0, 34.5, 143.0, 0.0
93522, 71, 2550, 96.5, False, 0, 33.5, 176.5, -1.0
93678, 60, 1777, 97.00000000000001, False, 0, 22.5, 199.0, -11.0
93819, 33, 1748, 97.5, False, 0, -4.5, 0, -27.0
93978, 28, 1734, 98.00000000000001, False, 0, -9.5, 0, -5.0
94122, 76, 2550, 98.50000000000001, False, 0, 38.5, 0, 48.00000000000001
94262, 75, 2550, 99.0, False, 0, 37.5, 37.5, -1.0
94411, 79, 2550, 99.50000000000001, False, 0, 41.5, 79.0, 4.0
94551, 43, 2550, 100.0, False, 0, 5.5, 0, -36.0
94693, 29, 2550, 100.5, False, 0, -8.5, 0, -14.0
94844, 75, 2550, 101.0, False, 0, 37.5, 0, 46.00000000000001
94982, 78, 2550, 101.5, False, 0, 40.5, 40.5, 3.0
95141, 77, 2550, 102.0, False, 0, 39.5, 80.0, -1.0
95287, 69, 2550, 102.5, False, 0, 31.5, 111.5, -8.0
95438, 53, 2550, 103.0, False, 0, 15.5, 127.0, -16.0
95608, 48, 2550, 103.5, False, 0, 10.5, 137.5, -5.0
95761, 58, 2550, 104.0, False, 0, 20.5, 158.0, 10.0
95912, 58, 2214, 104.5, False, 0, 20.5, 178.5, 0.0
96057, 24, 2550, 105.0, False, 0, -13.5, 0, -34.0
96199, 14, 2550, 105.5, False, 0, -23.5, -23.5, -10.0
96378, 80, 2550, 106.0, False, 0, 42.5, 0, 66.00000000000001
96518, 79, 2550, 106.5, False, 0, 41.5, 41.5, -1.0
96660, 83, 2550, 107.0, False, 0, 45.5, 87.00000000000001, 4.0
96820, 70, 2550, 107.5, False, 0, 32.5, 119.5, -13.0
96954, 80, 2550, 108.0, False, 0, 42.5, 162.0, 10.0
97108, 81, 2102, 108.5, False, 0, 43.50000000000001, 205.5, 1.0
97267, 66, 2550, 109.0, False, 0, 28.5, 234.0, -15.0
97411, 9, 2550, 109.5, False, 0, -28.5, 0, -57.0
97567, 6, 2550, 110.0, False, 0, -31.5, -31.5, -3.0
97717, 72, 2550, 110.5, False, 0, 34.5, 0, 66.00000000000001
97872, 78, 2550, 111.0, False, 0, 40.5, 40.5, 6.0
98027, 26, 2550, 111.5, False, 0, -11.5, 0, -52.0
98178, 5, 2550, 112.0, False, 0, -32.5, -32.5, -21.0
98322, 70, 2550, 112.5, False, 0, 32.5, 0, 65.0
98478, 81, 2550, 113.0, False, 0, 43.50000000000001, 43.50000000000001, 11.0
98645, 23, 2550, 113.5, False, 0, -14.5, 0, -58.00000000000001
98797, 6, 2550, 114.0, False, 0, -31.5, -31.5, -17.0
98945, 60, 2550, 114.5, False, 0, 22.5, 0, 54.0
99087, 70, 2550, 115.0, False, 0, 32.5, 32.5, 10.0
99233, 49, 2550, 115.5, False, 0, 11.5, 44.0, -21.0
99380, 14, 2550, 116.0, False, 0, -23.5, 0, -35.0
99542, 19, 2550, 116.5, False, 0, -18.5, -18.5, 5.0
99692, 62, 2550, 117.0, False, 0, 24.5, 0, 43.0
99838, 67, 2550, 117.5, False, 0, 29.5, 29.5, 5.0
99998, 8, 2550, 118.0, False, 0, -29.5, 0, -59.0
100158, 6, 2550, 118.5, False, 0, -31.5, -31.5, -2.0
100321, 54, 2550, 119.0, False, 0, 16.5, 0, 48.00000000000001
100461, 79, 2550, 119.5, False, 0, 41.5, 41.5, 25.0
100600, 29, 2550, 120.0, False, 0, -8.5, 0, -50.0
100747, 5, 2550, 120.5, False, 0, -32.5, -32.5, -24.0
100898, 29, 2550, 121.0, False, 0, -8.5, 0, 24.0
101052, 70, 2550, 121.5, False, 0, 32.5, 0, 41.00000000000001
101208, 42, 2550, 122.0, False, 0, 4.5, 0, -28.0
101357, 5, 2550, 122.5, False, 0, -32.5, 0, -37.0
101516, 23, 2550, 123.0, False, 0, -14.5, -14.5, 18.0
101661, 75, 2550, 123.5, False, 0, 37.5, 0, 52.0
101811, 75, 2550, 124.0, False, 0, 37.5, 37.5, 0.0
101950, 9, 2550, 124.5, False, 0, -28.5, 0, -66.00000000000001
102088, 10, 2550, 125.0, False, 0, -27.5, -27.5, 1.0
102238, 75, 2550, 125.5, False, 0, 37.5, 0, 65.0
102400, 70, 2550, 126.0, False, 0, 32.5, 32.5, -5.0
102559, 4, 2550, 126.5, False, 0, -33.5, 0, -66.00000000000001
102688, 5, 2550, 127.0, False, 0, -32.5, -32.5, 1.0
102829, 29, 2550, 127.5, False, 0, -8.5, 0, 24.0
102968, 37, 2550, 128.0, False, 0, -0.5, 0, 8.0
103108, 22, 2550, 128.5, False, 0, -15.5, -15.5, -15.0
103269, 33, 2550, 129.0, False, 0, -4.5, 0, 11.0
103422, 65, 2550, 129.5, False, 0, 27.5, 0, 32.0
103590, 60, 2550, 130.0, False, 0, 22.5, 22.5, -5.0
103724, 17, 2550, 130.0, False, 0, -20.5, 0, -43.0
103869, 6, 2550, 130.0, False, 0, -31.5, -31.5, -11.0
104017, 49, 2550, 130.0, False, 0, 11.5, 0, 43.0
104161, 73, 2550, 130.0, False, 0, 35.5, 35.5, 24.0
104320, 27, 2550, 130.0, False, 0, -10.5, 0, -46.00000000000001
104458, 6, 2550, 130.0, False, 0, -31.5, -31.5, -21.0
104597, 52, 331, 80, False, 0, 14.5, 0, 46.00000000000001
104740, 80, 326, 80, False, 0, 42.5, 42.5, 28.0
104916, 11, 2550, 80.50000000000001, False, 0, -26.5, 0, -69.0
105088, 5, 2550, 81.0, False, 0, -32.5, -32.5, -6.0
105240, 64, 2550, 81.5, False, 0, 26.5, 0, 59.0
105380, 70, 1627, 82.00000000000001, False, 0, 32.5, 32.5, 6.0
105515, 17, 2550, 82.5, False, 0, -20.5, 0, -53.00000000000001
105661, 5, 2550, 83.00000000000001, False, 0, -32.5, -32.5, -12.0
105807, 49, 1611, 83.5, False, 0, 11.5, 0, 44.0
105951, 73, 1549, 84.0, False, 0, 35.5, 35.5, 24.0
106092, 28, 2550, 84.50000000000001, False, 0, -9.5, 0, -45.0
106230, 6, 2550, 85.0, False, 0, -31.5, -31.5, -22.0
106377, 19, 1919, 85.50000000000001, False, 0, -18.5, -50.0, 13.0
106521, 60, 2550, 86.0, False, 0, 22.5, 0, 41.00000000000001
106661, 67, 1455, 86.5, False, 0, 29.5, 29.5, 7.0
106812, 8, 2550, 87.00000000000001, False, 0, -29.5, 0, -59.0
106954, 5, 2550, 87.5, False, 0, -32.5, -32.5, -3.0
107093, 67, 1387, 88.00000000000001, False, 0, 29.5, 0, 62.0
107238, 76, 1361, 88.5, False, 0, 38.5, 38.5, 9.0
107379, 24, 2550, 89.0, False, 0, -13.5, 0, -52.0
107517, 24, 2550, 89.50000000000001, False, 0, -13.5, -13.5, 0.0
107668, 14, 1349, 90.0, False, 0, -23.5, -37.0, -10.0
107808, 40, 1309, 90.50000000000001, False, 0, 2.5, 0, 26.0
107949, 78, 1191, 91.0, False, 0, 40.5, 40.5, 38.0
108098, 60, 1372, 91.5, False, 0, 22.5, 63.00000000000001, -18.0
108240, 11, 2550, 92.00000000000001, False, 0, -26.5, 0, -49.0
108392, 52, 2550, 92.5, False, 0, 14.5, 0, 41.00000000000001
108532, 80, 2550, 93.00000000000001, False, 0, 42.5, 42.5, 28.0
108669, 82, 2396, 93.5, False, 0, 44.5, 87.00000000000001, 2.0
108821, 81, 2550, 94.0, False, 0, 43.50000000000001, 130.5, -1.0
108960, 78, 1809, 94.50000000000001, False, 0, 40.5, 171.0, -3.0
109098, 39, 1825, 95.0, False, 0, 1.5, 0, -39.0
109240, 9, 1813, 95.50000000000001, False, 0, -28.5, 0, -30.0
109379, 78, 1646, 96.00000000000001, False, 0, 40.5, 0, 69.0
109520, 80, 1619, 96.5, False, 0, 42.5, 42.5, 2.0
109658, 79, 1642, 97.00000000000001, False, 0, 41.5, 84.0, -1.0
109792, 78, 1627, 97.5, False, 0, 40.5, 124.5, -1.0
109924, 71, 1736, 98.00000000000001, False, 0, 33.5, 158.0, -7.0
110070, 26, 2550, 98.50000000000001, False, 0, -11.5, 0, -45.0
110230, 33, 1611, 99.0, False, 0, -4.5, 0, 7.0
110370, 79, 2550, 99.50000000000001, False, 0, 41.5, 0, 46.00000000000001
110511, 77, 2550, 100.0, False, 0, 39.5, 39.5, -2.0
110644, 37, 1579, 100.5, False, 0, -0.5, 0, -40.0
110785, 26, 2550, 101.0, False, 0, -11.5, -11.5, -11.0
110918, 75, 2550, 101.5, False, 0, 37.5, 0, 49.0
111068, 74, 1511, 102.0, False, 0, 36.5, 36.5, -1.0
111221, 76, 1491, 102.5, False, 0, 38.5, 75.0, 2.0
111358, 73, 2550, 103.0, False, 0, 35.5, 110.5, -3.0
111501, 58, 2550, 103.5, False, 0, 20.5, 131.0, -15.0
111657, 40, 2550, 104.0, False, 0, 2.5, 0, -18.0
111800, 59, 2550, 104.5, False, 0, 21.5, 21.5, 19.0
111940, 75, 2550, 105.0, False, 0, 37.5, 59.0, 16.0
112088, 73, 2550, 105.5, False, 0, 35.5, 94.50000000000001, -2.0
112230, 66, 945, 106.0, False, 0, 28.5, 123.0, -7.0
112378, 55, 921, 106.5, False, 0, 17.5, 140.5, -11.0
112518, 53, 903, 107.0, False, 0, 15.5, 156.0, -2.0
112659, 63, 885, 107.5, False, 0, 25.5, 181.5, 10.0
112807, 45, 869, 108.0, False, 0, 7.5, 0, -18.0
112947, 13, 849, 108.5, False, 0, -24.5, 0, -32.0
113088, 63, 835, 109.0, False, 0, 25.5, 0, 50.0
113231, 74, 825, 109.5, False, 0, 36.5, 36.5, 11.0
113370, 74, 802, 110.0, False, 0, 36.5, 73.00000000000001, 0.0
113517, 70, 784, 110.5, False, 0, 32.5, 105.5, -4.0
113680, 55, 766, 111.0, False, 0, 17.5, 123.0, -15.0
113817, 22, 756, 111.5, False, 0, -15.5, 0, -33.0
113986, 22, 742, 112.0, False, 0, -15.5, -15.5, 0.0
114157, 65, 728, 112.5, False, 0, 27.5, 0, 43.0
114338, 52, 705, 113.0, False, 0, 14.5, 14.5, -13.0
114490, 6, 687, 113.5, False, 0, -31.5, 0, -46.00000000000001
114639, 9, 670, 114.0, False, 0, -28.5, -28.5, 3.0
114781, 80, 654, 114.5, False, 0, 42.5, 0, 71.00000000000001
114927, 76, 634, 115.0, False, 0, 38.5, 38.5, -4.0
115069, 33, 624, 115.5, False, 0, -4.5, 0, -43.0
115222, 12, 599, 90, False, 0, -25.5, -25.5, -21.0
115368, 52, 581, 90, False, 0, 14.5, 0, 40.0
115508, 67, 573, 90, False, 0, 29.5, 29.5, 15.0
115660, 43, 554, 90, False, 0, 5.5, 0, -24.0
115801, 5, 551, 90, False, 0, -32.5, 0, -38.0
115948, 18, 538, 89, False, 0, -19.5, -19.5, 13.0
116092, 67, 519, 88, False, 0, 29.5, 0, 49.0
116228, 67, 506, 87, False, 0, 29.5, 29.5, 0.0
116372, 11, 491, 80, False, 0, -26.5, 0, -56.00000000000001
116520, 6, 483, 80, False, 0, -31.5, -31.5, -5.0
116659, 75, 464, 80, False, 0, 37.5, 0, 69.0
116798, 79, 456, 80, False, 0, 41.5, 41.5, 4.0
116938, 15, 443, 80, False, 0, -22.5, 0, -64.0
117079, 5, 433, 80, False, 0, -32.5, -32.5, -10.0
117222, 39, 420, 80, False, 0, 1.5, 0, 34.0
117368, 69, 412, 80, True, 0, 1.5, 0, 34.0
117510, 45, 392, 80, True, 0, 1.5, 0, 34.0
117660, 35, 397, 80, True, 0, 1.5, 0, 34.0
117810, 36, 397, 80, True, 0, 1.5, 0, 34.0
117950, 36, 397, 80, True, 0, 1.5, 0, 34.0
118102, 36, 397, 80, True, 0, 1.5, 0, 34.0
118239, 36, 397, 80, True, 0, 1.5, 0, 34.0
118397, 36, 397, 80, False, 1, -1.5, 0, -3.0
118534, 35, 397, 80, False, 1, -2.5, 0, -1.0
118687, 26, 380, 80, False, 1, -11.5, -11.5, -9.0
118839, 5, 372, 80, False, 1, -32.5, -44.0, -21.0
118979, 5, 362, 80, False, 1, -32.5, -76.5, 0.0
119118, 5, 348, 80, False, 1, -32.5, -109.0, 0.0
119268, 6, 338, 80, False, 1, -31.5, -140.5, 1.0
119409, 5, 328, 80, False, 1, -32.5, -32.5, -1.0
119558, 6, 321, 80, False, 1, -31.5, -64.0, 1.0
119700, 6, 321, 80, False, 1, -31.5, -95.50000000000001, 0.0
119840, 5, 320, 80, False, 1, -32.5, -128.0, -1.0
119980, 4, 304, 80, False, 1, -33.5, -161.5, -1.0
120118, 6, 320, 80, False, 1, -31.5, -193.0, 2.0
120260, 5, 326, 80, False, 1, -32.5, -225.5, -1.0
120400, 14, 326, 80, False, 1, -23.5, -249.0, 9.0
120540, 11, 326, 80, False, 1, -26.5, -26.5, -3.0
120690, 5, 1957, 80, False, 1, -32.5, -59.0, -6.0
120828, 6, 2550, 80, False, 1, -31.5, -90.50000000000001, 1.0
120971, 6, 2550, 80, False, 1, -31.5, -122.0, 0.0
121117, 6, 2550, 80, False, 1, -31.5, -153.5, 0.0
121267, 16, 2550, 80, False, 1, -21.5, -175.0, 10.0
121402, 5, 2388, 80, False, 1, -32.5, -207.5, -11.0
121548, 6, 2378, 80, False, 1, -31.5, -239.0, 1.0
121711, 6, 2365, 80, False, 1, -31.5, -270.5, 0.0
121851, 6, 2550, 80, False, 1, -31.5, -302.0, 0.0
122007, 6, 2550, 80, False, 1, -31.5, -333.5, 0.0
122148, 6, 2550, 80, False, 1, -31.5, -365.0, 0.0
122287, 5, 2550, 80, False, 1, -32.5, -397.5, -1.0
122421, 6, 2550, 80, False, 1, -31.5, -429.0, 1.0
122561, 5, 2550, 80, False, 1, -32.5, -461.5, -1.0
122698, 6, 2550, 80, False, 1, -31.5, -493.0, 1.0
122850, 29, 2550, 80, False, 1, -8.5, 0, 23.0
122991, 73, 2550, 80.50000000000001, False, 2, 35.5, 0, 44.0
123129, 74, 2550, 81.0, False, 2, 36.5, 36.5, 1.0
123280, 78, 2550, 81.5, False, 2, 40.5, 77.0, 4.0
123418, 79, 2550, 82.00000000000001, False, 2, 41.5, 118.5, 1.0
123558, 79, 2550, 82.5, False, 2, 41.5, 160.0, 0.0
123711, 79, 2550, 83.00000000000001, False, 2, 41.5, 201.5, 0.0
123859, 74, 2550, 83.5, False, 2, 36.5, 238.0, -5.0
124008, 76, 2550, 84.0, False, 2, 38.5, 276.5, 2.0
124159, 78, 2550, 84.50000000000001, False, 2, 40.5, 317.0, 2.0
124300, 75, 1754, 85.0, False, 2, 37.5, 354.5, -3.0
124449, 76, 1754, 85.50000000000001, False, 2, 38.5, 393.0, 1.0
124595, 74, 1680, 86.0, False, 2, 36.5, 429.5, -2.0
124747, 76, 1680, 86.5, False, 2, 38.5, 468.0, 2.0
124897, 76, 1680, 87.00000000000001, False, 2, 38.5, 506.5, 0.0
125045, 72, 1680, 87.5, False, 2, 34.5, 541.0, -4.0
125188, 5, 2336, 88.00000000000001, False, 2, -32.5, 0, -67.0
125341, 5, 191, 80, False, 2, -32.5, -32.5, 0.0
125477, 4, 2550, 80.50000000000001, False, 2, -33.5, -66.00000000000001, -1.0
125612, 5, 1628, 81.0, False, 2, -32.5, -98.50000000000001, 1.0
125756, 7, 1603, 81.5, False, 2, -30.5, -129.0, 2.0
125898, 6, 1597, 82.00000000000001, False, 2, -31.5, -160.5, -1.0
126049, 6, 1615, 82.5, False, 2, -31.5, -192.0, 0.0
126188, 5, 1555, 83.00000000000001, False, 2, -32.5, -224.5, -1.0
126331, 5, 1539, 83.5, False, 2, -32.5, -257.0, 0.0
126480, 5, 1527, 84.0, False, 2, -32.5, -289.5, 0.0
126620, 6, 1509, 84.50000000000001, False, 2, -31.5, -321.0, 1.0
126797, 6, 1495, 85.0, False, 2, -31.5, -352.5, 0.0
126969, 25, 1480, 85.50000000000001, False, 2, -12.5, -365.0, 19.0
127132, 77, 1478, 86.0, False, 2, 39.5, 0, 52.0
127298, 74, 1482, 86.5, False, 2, 36.5, 36.5, -3.0
127451, 74, 1450, 87.00000000000001, False, 2, 36.5, 73.00000000000001, 0.0
127622, 75, 1434, 87.5, False, 2, 37.5, 110.5, 1.0
127771, 75, 1190, 88.00000000000001, False, 2, 37.5, 148.0, 0.0
127908, 78, 1404, 88.5, False, 2, 40.5, 188.5, 3.0
128049, 80, 1388, 89.0, False, 2, 42.5, 231.0, 2.0
128187, 55, 1381, 89.50000000000001, False, 2, 17.5, 248.5, -25.0
128329, 6, 1368, 90.0, False, 2, -31.5, 0, -49.0
128471, 6, 1358, 90.50000000000001, False, 2, -31.5, -31.5, 0.0
128618, 6, 1341, 91.0, False, 2, -31.5, -63.00000000000001, 0.0
128768, 5, 1341, 91.5, False, 2, -32.5, -95.50000000000001, -1.0
128937, 5, 1341, 92.00000000000001, False, 2, -32.5, -128.0, 0.0
129074, 6, 1341, 92.5, False, 2, -31.5, -159.5, 1.0
129218, 6, 1341, 93.00000000000001, False, 2, -31.5, -191.0, 0.0
129364, 6, 1341, 93.5, False, 2, -31.5, -222.5, 0.0
129507, 5, 1267, 94.0, False, 2, -32.5, -255.0, -1.0
129647, 7, 1259, 94.50000000000001, False, 2, -30.5, -285.5, 2.0
129807, 8, 1255, 95.0, False, 2, -29.5, -315.0, 1.0
129949, 34, 1786, 95.50000000000001, False, 2, -3.5, 0, 26.0
130099, 52, 1778, 96.00000000000001, False, 2, 14.5, 0, 18.0
130258, 6, 1632, 96.5, False, 2, -31.5, 0, -46.00000000000001
130402, 5, 1744, 97.00000000000001, False, 2, -32.5, -32.5, -1.0
130561, 15, 1732, 97.5, False, 2, -22.5, -55.0, 10.0
130712, 4, 1714, 98.00000000000001, False, 2, -33.5, -88.5, -11.0
130851, 6, 1706, 98.50000000000001, False, 2, -31.5, -120.0, 2.0
130990, 5, 1694, 99.0, False, 2, -32.5, -152.5, -1.0
131140, 5, 1680, 99.50000000000001, False, 2, -32.5, -185.0, 0.0
131280, 5, 1666, 100.0, False, 2, -32.5, -217.5, 0.0
131440, 5, 1656, 100.5, False, 2, -32.5, -250.0, 0.0
131592, 5, 1686, 101.0, False, 2, -32.5, -282.5, 0.0
131747, 5, 2550, 101.5, False, 2, -32.5, -315.0, 0.0
131899, 5, 2550, 102.0, False, 2, -32.5, -347.5, 0.0
132041, 5, 2550, 102.5, False, 2, -32.5, -380.0, 0.0
132178, 5, 2550, 103.0, False, 2, -32.5, -412.5, 0.0
132318, 5, 2550, 103.5, False, 2, -32.5, -445.0, 0.0
132478, 66, 2550, 104.0, False, 2, 28.5, 0, 61.00000000000001
132626, 73, 2550, 104.5, False, 2, 35.5, 35.5, 7.0
132768, 77, 2550, 105.0, False, 2, 39.5, 75.0, 4.0
132920, 79, 2550, 105.5, False, 2, 41.5, 116.5, 2.0
133062, 82, 2550, 106.0, False, 2, 44.5, 161.0, 3.0
133210, 80, 2550, 106.5, False, 2, 42.5, 203.5, -2.0
133378, 79, 2550, 107.0, False, 2, 41.5, 245.0, -1.0
133509, 77, 2550, 107.5, False, 2, 39.5, 284.5, -2.0
133658, 77, 2550, 108.0, False, 2, 39.5, 324.0, 0.0
133798, 57, 2005, 108.5, False, 2, 19.5, 343.5, -20.0
133948, 6, 2550, 109.0, False, 2, -31.5, 0, -51.00000000000001
134087, 5, 2550, 109.5, False, 2, -32.5, -32.5, -1.0
134227, 5, 2550, 110.0, False, 2, -32.5, -65.0, 0.0
134367, 4, 2550, 110.5, False, 2, -33.5, -98.50000000000001, -1.0
134510, 5, 2550, 111.0, False, 2, -32.5, -131.0, 1.0
134648, 11, 2550, 111.5, False, 2, -26.5, -157.5, 6.0
134797, 6, 2550, 112.0, False, 2, -31.5, -189.0, -5.0
134952, 5, 2550, 112.5, False, 2, -32.5, -221.5, -1.0
135090, 25, 1873, 113.0, False, 2, -12.5, -234.0, 20.0
135230, 76, 2550, 113.5, False, 2, 38.5, 0, 51.00000000000001
135382, 76, 2489, 114.0, False, 2, 38.5, 38.5, 0.0
135532, 75, 1827, 114.5, False, 2, 37.5, 76.00000000000001, -1.0
135669, 74, 1785, 115.0, False, 2, 36.5, 112.5, -1.0
135806, 62, 2465, 115.5, False, 2, 24.5, 137.0, -12.0
135948, 15, 1756, 116.0, False, 2, -22.5, 0, -47.0
136099, 6, 2550, 116.5, False, 2, -31.5, -31.5, -9.0
136239, 66, 1732, 117.0, False, 2, 28.5, 0, 60.0
136390, 81, 1708, 117.5, False, 2, 43.50000000000001, 43.50000000000001, 15.0
136547, 7, 1706, 118.0, False, 2, -30.5, 0, -74.0
136697, 5, 2366, 118.5, False, 2, -32.5, -32.5, -2.0
136835, 66, 1648, 119.0, False, 2, 28.5, 0, 61.00000000000001
136977, 61, 1640, 119.5, False, 2, 23.5, 23.5, -5.0
137107, 5, 1657, 120.0, False, 2, -32.5, 0, -56.00000000000001
137247, 5, 2550, 120.5, False, 2, -32.5, -32.5, 0.0
137388, 21, 1585, 121.0, False, 2, -16.5, -49.0, 16.0
137528, 59, 1581, 121.5, False, 2, 21.5, 0, 38.0
137669, 57, 1559, 122.0, False, 2, 19.5, 19.5, -2.0
137827, 10, 1563, 122.5, False, 2, -27.5, 0, -47.0
137961, 16, 2550, 123.0, False, 2, -21.5, -21.5, 6.0
138101, 82, 1504, 123.5, False, 2, 44.5, 0, 66.00000000000001
138252, 77, 1499, 124.0, False, 2, 39.5, 39.5, -5.0
138396, 6, 2001, 124.5, False, 2, -31.5, 0, -71.00000000000001
138548, 5, 1505, 125.0, False, 2, -32.5, -32.5, -1.0
138679, 12, 2550, 125.5, False, 2, -25.5, -58.00000000000001, 7.0
138821, 35, 2550, 126.0, False, 2, -2.5, 0, 23.0
138970, 48, 1414, 126.5, False, 2, 10.5, 0, 13.0
139112, 33, 1388, 127.0, False, 2, -4.5, 0, -15.0
139250, 18, 2550, 127.5, False, 2, -19.5, -19.5, -15.0
139392, 52, 1330, 128.0, False, 2, 14.5, 0, 34.0
139536, 73, 1318, 128.5, False, 2, 35.5, 35.5, 21.0
139689, 24, 1299, 129.0, False, 2, -13.5, 0, -49.0
139838, 5, 1965, 129.5, False, 2, -32.5, -32.5, -19.0
139971, 61, 1250, 130.0, False, 2, 23.5, 0, 56.00000000000001
140111, 80, 1246, 130.0, False, 2, 42.5, 42.5, 19.0
140258, 8, 1231, 130.0, False, 2, -29.5, 0, -72.0
140411, 5, 1693, 130.0, False, 2, -32.5, -32.5, -3.0
140565, 60, 1182, 130.0, False, 2, 22.5, 0, 55.0
140707, 77, 1192, 130.0, False, 2, 39.5, 39.5, 17.0
140850, 23, 1183, 130.0, False, 2, -14.5, 0, -54.0
140984, 7, 1595, 130.0, False, 2, -30.5, -30.5, -16.0
141120, 26, 1595, 130.0, False, 2, -11.5, -42.0, 19.0
141261, 46, 1595, 130.0, False, 2, 8.5, 0, 20.0
141428, 6, 1074, 130.0, False, 2, -31.5, 0, -40.0
141567, 6, 2550, 130.0, False, 2, -31.5, -31.5, 0.0
141713, 5, 2550, 130.0, False, 2, -32.5, -64.0, -1.0
141850, 6, 2550, 130.0, False, 2, -31.5, -95.50000000000001, 1.0
141988, 5, 2550, 130.0, False, 2, -32.5, -128.0, -1.0
142147, 5, 2550, 130.0, False, 2, -32.5, -160.5, 0.0
142287, 5, 1032, 130.0, False, 2, -32.5, -193.0, 0.0
142437, 6, 1020, 130.0, False, 2, -31.5, -224.5, 1.0
142570, 7, 1008, 130.0, False, 2, -30.5, -255.0, 1.0
142708, 6, 986, 130.0, False, 2, -31.5, -286.5, -1.0
142848, 5, 971, 130.0, False, 2, -32.5, -319.0, -1.0
142988, 6, 1082, 130.0, False, 2, -31.5, -350.5, 1.0
143126, 5, 2550, 130.0, False, 2, -32.5, -383.0, -1.0
143287, 4, 2550, 130.0, False, 2, -33.5, -416.5, -1.0
143428, 6, 2550, 130.0, False, 2, -31.5, -448.0, 2.0
143569, 5, 2550, 130.0, False, 2, -32.5, -480.5, -1.0
143718, 5, 2550, 130.0, False, 2, -32.5, -513.0, 0.0
143870, 5, 2550, 130.0, False, 2, -32.5, -545.5, 0.0
144012, 5, 2550, 130.0, False, 2, -32.5, -578.0, 0.0
144159, 18, 2550, 130.0, False, 2, -19.5, -597.5000000000001, 13.0
144307, 74, 2550, 130.0, False, 2, 36.5, 0, 56.00000000000001
144447, 73, 2550, 130.0, False, 2, 35.5, 35.5, -1.0
144598, 76, 2550, 130.0, False, 2, 38.5, 74.0, 3.0
144740, 72, 2550, 130.0, False, 2, 34.5, 108.5, -4.0
144908, 77, 2550, 130.0, False, 2, 39.5, 148.0, 5.0
145052, 77, 2550, 130.0, False, 2, 39.5, 187.5, 0.0
145196, 77, 2550, 130.0, False, 2, 39.5, 227.0, 0.0
145350, 80, 2550, 130.0, False, 2, 42.5, 269.5, 3.0
145490, 80, 2550, 130.0, False, 2, 42.5, 312.0, 0.0
145637, 81, 2374, 130.0, False, 2, 43.50000000000001, 355.5, 1.0
145792, 77, 2364, 130.0, False, 2, 39.5, 395.0, -4.0
145931, 74, 2310, 130.0, False, 2, 36.5, 431.5, -3.0
146077, 72, 2298, 130.0, False, 2, 34.5, 466.0, -2.0
146222, 8, 2292, 130.0, False, 2, -29.5, 0, -64.0
146364, 4, 2311, 130.0, False, 2, -33.5, -33.5, -4.0
146522, 5, 2276, 130.0, False, 2, -32.5, -66.00000000000001, 1.0
146671, 5, 2214, 130.0, False, 2, -32.5, -98.50000000000001, 0.0
146808, 5, 2226, 130.0, False, 2, -32.5, -131.0, 0.0
146962, 5, 2197, 130.0, False, 2, -32.5, -163.5, 0.0
147099, 6, 2219, 130.0, False, 2, -31.5, -195.0, 1.0
147238, 6, 2184, 130.0, False, 2, -31.5, -226.5, 0.0
147389, 5, 2167, 130.0, False, 2, -32.5, -259.0, -1.0
147539, 6, 2153, 130.0, False, 2, -31.5, -290.5, 1.0
147682, 5, 2550, 130.0, False, 2, -32.5, -323.0, -1.0
147828, 47, 2550, 130.0, False, 2, 9.5, 0, 42.0
147968, 74, 2550, 130.0, False, 2, 36.5, 36.5, 27.0
148109, 78, 2550, 130.0, False, 2, 40.5, 77.0, 4.0
148243, 78, 2550, 130.0, False, 2, 40.5, 117.5, 0.0
148382, 79, 2550, 130.0, False, 2, 41.5, 159.0, 1.0
148520, 73, 2550, 130.0, False, 2, 35.5, 194.5, -6.0
148668, 8, 2550, 130.0, False, 2, -29.5, 0, -65.0
148852, 5, 2550, 130.0, False, 2, -32.5, -32.5, -3.0
149012, 48, 2550, 130.0, False, 2, 10.5, 0, 43.0
149172, 73, 2550, 130.0, False, 2, 35.5, 35.5, 25.0
149350, 10, 2550, 130.0, False, 2, -27.5, 0, -63.00000000000001
149496, 8, 2550, 130.0, False, 2, -29.5, -29.5, -2.0
149653, 14, 2550, 130.0, False, 2, -23.5, -53.00000000000001, 6.0
149792, 46, 2475, 130.0, False, 2, 8.5, 0, 32.0
149941, 66, 1925, 130.0, False, 2, 28.5, 28.5, 20.0
150092, 20, 2441, 130.0, False, 2, -17.5, 0, -46.00000000000001
150237, 6, 1793, 130.0, False, 2, -31.5, -31.5, -14.0
150378, 24, 2416, 130.0, False, 2, -13.5, -45.0, 18.0
150518, 78, 2416, 130.0, False, 2, 40.5, 0, 54.0
150661, 76, 1813, 130.0, False, 2, 38.5, 38.5, -2.0
150807, 7, 1795, 130.0, False, 2, -30.5, 0, -69.0
150952, 9, 1786, 130.0, False, 2, -28.5, -28.5, 2.0
151108, 51, 2550, 130.0, False, 2, 13.5, 0, 42.0
151251, 61, 2550, 130.0, False, 2, 23.5, 23.5, 10.0
151397, 9, 2550, 130.0, False, 2, -28.5, 0, -52.0
151540, 6, 2313, 130.0, False, 2, -31.5, -31.5, -3.0
151688, 39, 2550, 130.0, False, 2, 1.5, 0, 33.0
151842, 65, 2550, 130.0, False, 2, 27.5, 27.5, 26.0
151977, 42, 2550, 130.0, False, 2, 4.5, 0, -23.0
152118, 11, 2550, 130.0, False, 2, -26.5, 0, -31.0
152269, 38, 2550, 130.0, False, 2, 0.5, 0, 27.0
152417, 78, 2550, 130.0, False, 2, 40.5, 40.5, 40.0
152567, 45, 2550, 130.0, False, 2, 7.5, 0, -33.0
152708, 6, 2550, 130.0, False, 2, -31.5, 0, -39.0
152850, 5, 2550, 130.0, False, 2, -32.5, -32.5, -1.0
153007, 5, 2550, 130.0, False, 2, -32.5, -65.0, 0.0
153147, 4, 1490, 130.0, False, 2, -33.5, -98.50000000000001, -1.0
153311, 5, 1488, 130.0, False, 2, -32.5, -131.0, 1.0
153460, 4, 2550, 130.0, False, 2, -33.5, -164.5, -1.0
153601, 5, 2550, 130.0, False, 2, -32.5, -197.0, 1.0
153737, 6, 2550, 130.0, False, 2, -31.5, -228.5, 1.0
153877, 6, 2550, 130.0, False, 2, -31.5, -260.0, 0.0
154087, 6, 2550, 130.0, False, 2, -31.5, -291.5, 0.0
154240, 6, 2550, 130.0, False, 2, -31.5, -323.0, 0.0
154381, 16, 2550, 130.0, False, 2, -21.5, -344.5, 10.0
154530, 8, 2550, 130.0, False, 2, -29.5, -374.0, -8.0
154680, 5, 2550, 130.0, False, 2, -32.5, -406.5, -3.0
154821, 6, 2550, 130.0, False, 2, -31.5, -438.0, 1.0
154988, 6, 1202, 130.0, False, 2, -31.5, -469.5, 0.0
155130, 5, 1160, 130.0, False, 2, -32.5, -502.0, -1.0
155270, 5, 1148, 130.0, False, 2, -32.5, -534.5, 0.0
155419, 5, 1148, 130.0, False, 2, -32.5, -567.0, 0.0
155558, 5, 1148, 130.0, False, 2, -32.5, -599.5, 0.0
155710, 49, 1092, 130.0, False, 2, 11.5, 0, 44.0
155860, 76, 2550, 130.0, False, 2, 38.5, 38.5, 27.0
155998, 80, 2550, 130.0, False, 2, 42.5, 81.0, 4.0
156159, 80, 2550, 130.0, False, 2, 42.5, 123.5, 0.0
156298, 81, 1024, 130.0, False, 2, 43.50000000000001, 167.0, 1.0
156450, 84, 986, 130.0, False, 2, 46.5, 213.5, 3.0
156633, 81, 955, 130.0, False, 2, 43.50000000000001, 257.0, -3.0
156787, 78, 943, 130.0, False, 2, 40.5, 297.5, -3.0
156949, 77, 943, 130.0, False, 2, 39.5, 337.0, -1.0
157100, 74, 943, 130.0, False, 2, 36.5, 373.5, -3.0
157270, 76, 877, 130.0, False, 2, 38.5, 412.0, 2.0
157447, 5, 873, 130.0, False, 2, -32.5, 0, -71.00000000000001
157591, 4, 2550, 130.0, False, 2, -33.5, -33.5, -1.0
157735, 10, 845, 130.0, False, 2, -27.5, -61.00000000000001, 6.0
157882, 5, 835, 130.0, False, 2, -32.5, -93.5, -5.0
158033, 4, 810, 130.0, False, 2, -33.5, -127.0, -1.0
158177, 4, 779, 130.0, False, 2, -33.5, -160.5, 0.0
158320, 5, 754, 130.0, False, 2, -32.5, -193.0, 1.0
158466, 4, 756, 130.0, False, 2, -33.5, -226.5, -1.0
158631, 4, 721, 130.0, False, 2, -33.5, -260.0, 0.0
158769, 3, 705, 130.0, False, 2, -34.5, -294.5, -1.0
158920, 4, 689, 130.0, False, 2, -33.5, -328.0, 1.0
159078, 74, 675, 130.0, False, 2, 36.5, 0, 70.0
159228, 78, 653, 130.0, False, 2, 40.5, 40.5, 4.0
159372, 81, 626, 130.0, False, 2, 43.50000000000001, 84.0, 3.0
159517, 78, 607, 130.0, False, 2, 40.5, 124.5, -3.0
159653, 72, 586, 90, False, 2, 34.5, 159.0, -6.0
159809, 72, 563, 90, False, 2, 34.5, 193.5, 0.0
159942, 71, 555, 90, False, 2, 33.5, 227.0, -1.0
160097, 32, 551, 90, False, 2, -5.5, 0, -39.0
160240, 5, 546, 89, False, 2, -32.5, -32.5, -27.0
160381, 8, 525, 88, False, 2, -29.5, -62.0, 3.0
160541, 41, 506, 87, False, 2, 3.5, 0, 33.0
160711, 37, 496, 80, False, 2, -0.5, 0, -4.0
160852, 11, 483, 80, False, 2, -26.5, -26.5, -26.0
161001, 14, 473, 80, False, 2, -23.5, -50.0, 3.0
161146, 43, 452, 80, False, 2, 5.5, 0, 29.0
161291, 68, 437, 80, False, 2, 30.5, 30.5, 25.0
161447, 25, 429, 80, False, 2, -12.5, 0, -43.0
161602, 5, 420, 80, True, 2, -12.5, 0, -43.0
161736, 23, 399, 80, True, 2, -12.5, 0, -43.0
161881, 48, 397, 80, True, 2, -12.5, 0, -43.0
162047, 52, 393, 80, True, 2, -12.5, 0, -43.0
162183, 52, 397, 80, True, 2, -12.5, 0, -43.0
162325, 52, 393, 80, True, 2, -12.5, 0, -43.0
162455, 52, 393, 80, True, 2, -12.5, 0, -43.0
162598, 52, 393, 80, True, 2, -12.5, 0, -43.0
162735, 52, 393, 80, False, 3, 14.5, 0, 27.0
162896, 37, 392, 80, False, 3, -0.5, 0, -15.0
163041, 23, 376, 80, False, 3, -14.5, -14.5, -14.0
163178, 5, 365, 80, False, 3, -32.5, -47.0, -18.0
163329, 5, 365, 80, False, 3, -32.5, -79.5, 0.0
163486, 6, 357, 80, False, 3, -31.5, -111.0, 1.0
163630, 5, 355, 80, False, 3, -32.5, -143.5, -1.0
163770, 5, 365, 80, False, 3, -32.5, -32.5, 0.0
163910, 5, 365, 80, False, 3, -32.5, -65.0, 0.0
164067, 4, 1672, 80, False, 3, -33.5, -98.50000000000001, -1.0
164227, 5, 1393, 80, False, 3, -32.5, -131.0, 1.0
164376, 6, 1353, 80, False, 3, -31.5, -162.5, 1.0
164527, 5, 1313, 80, False, 3, -32.5, -195.0, -1.0
164664, 13, 1219, 80, False, 3, -24.5, -219.5, 8.0
164811, 10, 800, 80, False, 3, -27.5, -247.0, -3.0
164960, 13, 1156, 80, False, 3, -24.5, -271.5, 3.0
165103, 12, 1147, 80, False, 3, -25.5, -297.0, -1.0
165248, 5, 1129, 80, False, 3, -32.5, -329.5, -7.0
165394, 6, 1114, 80, False, 3, -31.5, -361.0, 1.0
165537, 6, 810, 80, False, 3, -31.5, -392.5, 0.0
165681, 5, 1111, 80, False, 3, -32.5, -425.0, -1.0
165848, 6, 1525, 80, False, 3, -31.5, -456.5, 1.0
165986, 6, 1521, 80, False, 3, -31.5, -488.0, 0.0
166136, 6, 1520, 80, False, 3, -31.5, -519.5, 0.0
166272, 67, 1563, 80.50000000000001, False, 0, 29.5, 0, 61.00000000000001
166408, 80, 1615, 81.0, False, 0, 42.5, 42.5, 13.0
166555, 79, 1227, 81.5, False, 0, 41.5, 84.0, -1.0
166701, 78, 1460, 82.00000000000001, False, 0, 40.5, 124.5, -1.0
166838, 79, 1443, 82.5, False, 0, 41.5, 166.0, 1.0
166977, 80, 1020, 83.00000000000001, False, 0, 42.5, 208.5, 1.0
167117, 78, 992, 83.5, False, 0, 40.5, 249.0, -2.0
167257, 77, 982, 84.0, False, 0, 39.5, 288.5, -1.0
167400, 77, 963, 84.50000000000001, False, 0, 39.5, 328.0, 0.0
167540, 35, 972, 85.0, False, 0, -2.5, 0, -42.0
167676, 5, 1351, 85.50000000000001, False, 0, -32.5, -32.5, -30.0
167828, 42, 1236, 86.0, False, 0, 4.5, 0, 37.0
167978, 81, 931, 86.5, False, 0, 43.50000000000001, 43.50000000000001, 39.0
168123, 78, 937, 87.00000000000001, False, 0, 40.5, 84.0, -3.0
168288, 38, 1288, 87.5, False, 0, 0.5, 0, -40.0
168446, 19, 1318, 88.00000000000001, False, 0, -18.5, 0, -19.0
168608, 80, 1166, 88.5, False, 0, 42.5, 0, 61.00000000000001
168768, 79, 1152, 89.0, False, 0, 41.5, 41.5, -1.0
168920, 80, 1232, 89.50000000000001, False, 0, 42.5, 84.0, 1.0
169077, 78, 1761, 90.0, False, 0, 40.5, 124.5, -2.0
169220, 71, 1701, 90.50000000000001, False, 0, 33.5, 158.0, -7.0
169381, 16, 1690, 91.0, False, 0, -21.5, 0, -55.0
169548, 41, 1665, 91.5, False, 0, 3.5, 0, 25.0
169697, 79, 1654, 92.00000000000001, False, 0, 41.5, 41.5, 38.0
169849, 80, 2550, 92.5, False, 0, 42.5, 84.0, 1.0
169987, 79, 1625, 93.00000000000001, False, 0, 41.5, 125.5, -1.0
170157, 79, 1294, 93.5, False, 0, 41.5, 167.0, 0.0
170297, 77, 2550, 94.0, False, 0, 39.5, 206.5, -2.0
170437, 39, 1771, 94.50000000000001, False, 0, 1.5, 0, -38.0
170597, 11, 2550, 95.0, False, 0, -26.5, 0, -28.0
170750, 88, 1744, 95.50000000000001, False, 0, 50.50000000000001, 0, 77.0
170917, 78, 2550, 96.00000000000001, False, 0, 40.5, 40.5, -10.0
171089, 66, 2550, 96.5, False, 0, 28.5, 69.0, -12.0
171240, 54, 2550, 97.00000000000001, False, 0, 16.5, 85.50000000000001, -12.0
171382, 48, 1551, 97.5, False, 0, 10.5, 96.00000000000001, -6.0
171521, 41, 2550, 98.00000000000001, False, 0, 3.5, 0, -7.0
171669, 39, 2550, 98.50000000000001, False, 0, 1.5, 0, -2.0
171839, 70, 2550, 99.0, False, 0, 32.5, 32.5, 31.0
171990, 75, 2550, 99.50000000000001, False, 0, 37.5, 70.0, 5.0
172157, 55, 2550, 100.0, False, 0, 17.5, 87.5, -20.0
172316, 34, 2550, 100.5, False, 0, -3.5, 0, -21.0
172468, 74, 2550, 101.0, False, 0, 36.5, 0, 40.0
172617, 77, 2550, 101.5, False, 0, 39.5, 39.5, 3.0
172749, 77, 1262, 102.0, False, 0, 39.5, 79.0, 0.0
172897, 78, 2550, 102.5, False, 0, 40.5, 119.5, 1.0
173059, 75, 2550, 103.0, False, 0, 37.5, 157.0, -3.0
173197, 44, 2550, 103.5, False, 0, 6.5, 0, -31.0
173330, 43, 2550, 104.0, False, 0, 5.5, 0, -1.0
173481, 78, 2550, 104.5, False, 0, 40.5, 40.5, 35.0
173627, 74, 2550, 105.0, False, 0, 36.5, 77.0, -4.0
173761, 62, 2550, 105.5, False, 0, 24.5, 101.5, -12.0
173893, 64, 2550, 106.0, False, 0, 26.5, 128.0, 2.0
174030, 64, 2550, 106.5, False, 0, 26.5, 154.5, 0.0
174167, 30, 2550, 107.0, False, 0, -7.5, 0, -34.0
174308, 7, 2489, 107.5, False, 0, -30.5, -30.5, -23.0
174450, 54, 2550, 108.0, False, 0, 16.5, 0, 47.0
174592, 77, 2550, 108.5, False, 0, 39.5, 39.5, 23.0
174737, 56, 2550, 109.0, False, 0, 18.5, 58.00000000000001, -21.0
174880, 5, 2550, 109.5, False, 0, -32.5, 0, -51.00000000000001
175016, 5, 2550, 110.0, False, 0, -32.5, -32.5, 0.0
175160, 64, 2550, 110.5, False, 0, 26.5, 0, 59.0
175290, 78, 2550, 111.0, False, 0, 40.5, 40.5, 14.0
175430, 18, 2430, 111.5, False, 0, -19.5, 0, -60.0
175571, 5, 2419, 112.0, False, 0, -32.5, -32.5, -13.0
175727, 38, 2550, 112.5, False, 0, 0.5, 0, 33.0
175885, 55, 2550, 113.0, False, 0, 17.5, 17.5, 17.0
176037, 17, 2334, 113.5, False, 0, -20.5, 0, -38.0
176180, 9, 2358, 114.0, False, 0, -28.5, -28.5, -8.0
176348, 55, 2550, 114.5, False, 0, 17.5, 0, 46.00000000000001
176500, 71, 2550, 115.0, False, 0, 33.5, 33.5, 16.0
176648, 31, 2302, 115.5, False, 0, -6.5, 0, -40.0
176801, 5, 2241, 116.0, False, 0, -32.5, -32.5, -26.0
176951, 37, 2305, 116.5, False, 0, -0.5, 0, 32.0
177108, 78, 2550, 117.0, False, 0, 40.5, 0, 41.00000000000001
177248, 58, 2241, 117.5, False, 0, 20.5, 20.5, -20.0
177390, 6, 2550, 118.0, False, 0, -31.5, 0, -52.0
177530, 8, 2181, 118.5, False, 0, -29.5, -29.5, 2.0
177678, 70, 2342, 119.0, False, 0, 32.5, 0, 62.0
177819, 71, 2146, 119.5, False, 0, 33.5, 33.5, 1.0
177967, 8, 2098, 120.0, False, 0, -29.5, 0, -63.00000000000001
178120, 5, 2064, 120.5, False, 0, -32.5, -32.5, -3.0
178259, 56, 2045, 121.0, False, 0, 18.5, 0, 51.00000000000001
178398, 62, 2037, 121.5, False, 0, 24.5, 24.5, 6.0
178552, 8, 2018, 122.0, False, 0, -29.5, 0, -54.0
178707, 9, 1984, 122.5, False, 0, -28.5, -28.5, 1.0
178858, 63, 1964, 123.0, False, 0, 25.5, 0, 54.0
179008, 69, 1955, 123.5, False, 0, 31.5, 31.5, 6.0
179177, 9, 1934, 124.0, False, 0, -28.5, 0, -60.0
179317, 5, 1898, 124.5, False, 0, -32.5, -32.5, -4.0
179461, 48, 1881, 125.0, False, 0, 10.5, 0, 43.0
179597, 69, 1862, 125.5, False, 0, 31.5, 31.5, 21.0
179739, 12, 1837, 126.0, False, 0, -25.5, 0, -57.0
179899, 6, 1816, 126.5, False, 0, -31.5, -31.5, -6.0
180040, 61, 1801, 127.0, False, 0, 23.5, 0, 55.0
180181, 76, 1785, 127.5, False, 0, 38.5, 38.5, 15.0
180329, 21, 1761, 128.0, False, 0, -16.5, 0, -55.0
180472, 6, 1736, 128.5, False, 0, -31.5, -31.5, -15.0
180609, 26, 1722, 129.0, False, 0, -11.5, -43.0, 20.0
180771, 50, 1694, 129.5, False, 0, 12.5, 0, 24.0
180913, 34, 1679, 130.0, False, 0, -3.5, 0, -16.0
181078, 20, 1658, 130.0, False, 0, -17.5, -17.5, -14.0
181211, 42, 1633, 130.0, False, 0, 4.5, 0, 22.0
181348, 64, 1623, 130.0, False, 0, 26.5, 26.5, 22.0
181503, 36, 1587, 130.0, False, 0, -1.5, 0, -28.0
181647, 7, 1577, 130.0, False, 0, -30.5, -30.5, -29.0
181789, 43, 1558, 130.0, False, 0, 5.5, 0, 36.0
181957, 70, 1543, 130.0, False, 0, 32.5, 32.5, 27.0
182092, 29, 1519, 130.0, False, 0, -8.5, 0, -41.00000000000001
182230, 6, 1499, 130.0, False, 0, -31.5, -31.5, -23.0
182384, 49, 1480, 130.0, False, 0, 11.5, 0, 43.0
182536, 67, 1460, 130.0, False, 0, 29.5, 29.5, 18.0
182679, 24, 1438, 130.0, False, 0, -13.5, 0, -43.0
182859, 15, 1420, 130.0, False, 0, -22.5, -22.5, -9.0
183010, 63, 1397, 130.0, False, 0, 25.5, 0, 48.00000000000001
183178, 75, 1379, 130.0, False, 0, 37.5, 37.5, 12.0
183330, 12, 1362, 130.0, False, 0, -25.5, 0, -63.00000000000001
183478, 6, 1362, 130.0, False, 0, -31.5, -31.5, -6.0
183631, 74, 1362, 130.0, False, 0, 36.5, 0, 68.00000000000001
183787, 78, 1362, 130.0, False, 0, 40.5, 40.5, 4.0
183938, 76, 1362, 130.0, False, 0, 38.5, 79.0, -2.0
184080, 78, 1362, 130.0, False, 0, 40.5, 119.5, 2.0
184218, 80, 1242, 130.0, False, 0, 42.5, 162.0, 2.0
184390, 78, 1223, 130.0, False, 0, 40.5, 202.5, -2.0
184531, 75, 1206, 130.0, False, 0, 37.5, 240.0, -3.0
184679, 51, 1191, 130.0, False, 0, 13.5, 253.5, -24.0
184823, 22, 1189, 130.0, False, 0, -15.5, 0, -29.0
184960, 34, 1182, 130.0, False, 0, -3.5, 0, 12.0
185110, 62, 1152, 130.0, False, 0, 24.5, 0, 28.0
185252, 82, 1143, 130.0, False, 0, 44.5, 44.5, 20.0
185421, 78, 1835, 130.0, False, 0, 40.5, 85.0, -4.0
185587, 71, 1808, 130.0, False, 0, 33.5, 118.5, -7.0
185737, 56, 1778, 130.0, False, 0, 18.5, 137.0, -15.0
185897, 43, 1757, 130.0, False, 0, 5.5, 0, -13.0
186047, 50, 1736, 130.0, False, 0, 12.5, 12.5, 7.0
186201, 76, 1716, 130.0, False, 0, 38.5, 51.00000000000001, 26.0
186357, 72, 1696, 130.0, False, 0, 34.5, 85.50000000000001, -4.0
186497, 74, 1676, 130.0, False, 0, 36.5, 122.0, 2.0
186658, 78, 1656, 130.0, False, 0, 40.5, 162.5, 4.0
186810, 72, 1638, 130.0, False, 0, 34.5, 197.0, -6.0
186957, 53, 1627, 130.0, False, 0, 15.5, 212.5, -19.0
187108, 20, 2550, 130.0, False, 0, -17.5, 0, -33.0
187250, 68, 2550, 130.0, False, 0, 30.5, 0, 48.00000000000001
187391, 79, 1580, 130.0, False, 0, 41.5, 41.5, 11.0
187537, 78, 1579, 130.0, False, 0, 40.5, 82.00000000000001, -1.0
187680, 78, 1632, 130.0, False, 0, 40.5, 122.5, 0.0
187822, 77, 2550, 130.0, False, 0, 39.5, 162.0, -1.0
187971, 32, 2550, 130.0, False, 0, -5.5, 0, -45.0
188107, 5, 2550, 130.0, False, 0, -32.5, -32.5, -27.0
188257, 52, 2550, 130.0, False, 0, 14.5, 0, 47.0
188411, 69, 2550, 130.0, False, 0, 31.5, 31.5, 17.0
188560, 34, 2550, 130.0, False, 0, -3.5, 0, -35.0
188703, 7, 2550, 130.0, False, 0, -30.5, -30.5, -27.0
188852, 57, 2550, 130.0, False, 0, 19.5, 0, 50.0
189002, 75, 2550, 130.0, False, 0, 37.5, 37.5, 18.0
189142, 61, 2550, 130.0, False, 0, 23.5, 61.00000000000001, -14.0
189297, 7, 2550, 130.0, False, 0, -30.5, 0, -54.0
189448, 5, 2550, 130.0, False, 0, -32.5, -32.5, -2.0
189639, 50, 2550, 130.0, False, 0, 12.5, 0, 45.0
189800, 68, 2550, 130.0, False, 0, 30.5, 30.5, 18.0
189958, 23, 2550, 130.0, False, 0, -14.5, 0, -45.0
190112, 5, 2550, 130.0, False, 0, -32.5, -32.5, -18.0
190282, 54, 1919, 130.0, False, 0, 16.5, 0, 49.0
190439, 77, 1881, 130.0, False, 0, 39.5, 39.5, 23.0
190597, 47, 1944, 130.0, False, 0, 9.5, 0, -30.0
190784, 5, 1852, 130.0, False, 0, -32.5, 0, -42.0
190941, 18, 1848, 130.0, False, 0, -19.5, -19.5, 13.0
191099, 68, 2550, 130.0, False, 0, 30.5, 0, 50.0
191252, 63, 1793, 130.0, False, 0, 25.5, 25.5, -5.0
191417, 9, 1771, 130.0, False, 0, -28.5, 0, -54.0
191581, 16, 1732, 130.0, False, 0, -21.5, -21.5, 7.0
191741, 83, 1732, 130.0, False, 0, 45.5, 0, 67.0
191892, 76, 1732, 130.0, False, 0, 38.5, 38.5, -7.0
192048, 47, 1678, 130.0, False, 0, 9.5, 0, -29.0
192199, 35, 1650, 130.0, False, 0, -2.5, 0, -12.0
192339, 53, 1633, 130.0, False, 0, 15.5, 0, 18.0
192487, 57, 1612, 130.0, False, 0, 19.5, 19.5, 4.0
192650, 12, 1603, 130.0, False, 0, -25.5, 0, -45.0
192780, 6, 1581, 130.0, False, 0, -31.5, -31.5, -6.0
192924, 58, 2257, 130.0, False, 0, 20.5, 0, 52.0
193077, 60, 1555, 130.0, False, 0, 22.5, 22.5, 2.0
193247, 5, 1520, 130.0, False, 0, -32.5, 0, -55.0
193407, 6, 1511, 130.0, False, 0, -31.5, -31.5, 1.0
193548, 56, 1511, 130.0, False, 0, 18.5, 0, 50.0
193688, 69, 1511, 130.0, False, 0, 31.5, 31.5, 13.0
193827, 18, 1511, 130.0, False, 0, -19.5, 0, -51.00000000000001
193968, 6, 1511, 130.0, False, 0, -31.5, -31.5, -12.0
194118, 48, 1511, 130.0, False, 0, 10.5, 0, 42.0
194258, 67, 1511, 130.0, False, 0, 29.5, 29.5, 19.0
194428, 8, 2550, 130.0, False, 0, -29.5, 0, -59.0
194570, 5, 1407, 130.0, False, 0, -32.5, -32.5, -3.0
194716, 39, 2550, 130.0, False, 0, 1.5, 0, 34.0
194853, 70, 1497, 130.0, False, 0, 32.5, 32.5, 31.0
194992, 17, 1442, 130.0, False, 0, -20.5, 0, -53.00000000000001
195147, 6, 1301, 130.0, False, 0, -31.5, -31.5, -11.0
195280, 35, 1397, 130.0, False, 0, -2.5, 0, 29.0
195427, 66, 2550, 130.0, False, 0, 28.5, 0, 31.0
195578, 40, 2469, 130.0, False, 0, 2.5, 0, -26.0
195720, 7, 1380, 130.0, False, 0, -30.5, 0, -33.0
195879, 45, 1376, 130.0, False, 0, 7.5, 0, 38.0
196028, 76, 1336, 130.0, False, 0, 38.5, 38.5, 31.0
196168, 37, 2352, 130.0, False, 0, -0.5, 0, -39.0
196320, 18, 2336, 130.0, False, 0, -19.5, -19.5, -19.0
196462, 52, 1277, 130.0, False, 0, 14.5, 0, 34.0
196607, 79, 1250, 130.0, False, 0, 41.5, 41.5, 27.0
196771, 65, 2292, 130.0, False, 0, 27.5, 69.0, -14.0
196949, 58, 2284, 130.0, False, 0, 20.5, 89.50000000000001, -7.0
197119, 66, 1543, 130.0, False, 0, 28.5, 118.0, 8.0
197279, 70, 1543, 130.0, False, 0, 32.5, 150.5, 4.0
197431, 71, 326, 80, False, 0, 33.5, 184.0, 1.0
197582, 77, 2550, 80.50000000000001, False, 0, 39.5, 223.5, 6.0
197732, 74, 1121, 81.0, False, 0, 36.5, 260.0, -3.0
197875, 22, 1127, 81.5, False, 0, -15.5, 0, -52.0
198028, 6, 1106, 82.00000000000001, False, 0, -31.5, -31.5, -16.0
198171, 39, 1093, 82.5, False, 0, 1.5, 0, 33.0
198311, 78, 1076, 83.00000000000001, False, 0, 40.5, 40.5, 39.0
198467, 83, 1062, 83.5, False, 0, 45.5, 86.0, 5.0
198608, 63, 1050, 84.0, False, 0, 25.5, 111.5, -20.0
198747, 18, 1037, 84.50000000000001, False, 0, -19.5, 0, -45.0
198890, 13, 1032, 85.0, False, 0, -24.5, -24.5, -5.0
199048, 74, 1024, 85.50000000000001, False, 0, 36.5, 0, 61.00000000000001
199198, 76, 998, 86.0, False, 0, 38.5, 38.5, 2.0
199349, 42, 998, 86.5, False, 0, 4.5, 0, -34.0
199489, 16, 1000, 87.00000000000001, False, 0, -21.5, 0, -26.0
199640, 80, 978, 87.5, False, 0, 42.5, 0, 64.0
199789, 81, 964, 88.00000000000001, False, 0, 43.50000000000001, 43.50000000000001, 1.0
199947, 79, 2550, 88.5, False, 0, 41.5, 85.0, -2.0
200084, 77, 2550, 89.0, False, 0, 39.5, 124.5, -2.0
200229, 68, 2550, 89.50000000000001, False, 0, 30.5, 155.0, -9.0
200369, 47, 2550, 90.0, False, 0, 9.5, 0, -21.0
200508, 26, 2550, 90.50000000000001, False, 0, -11.5, 0, -21.0
200660, 77, 2550, 91.0, False, 0, 39.5, 0, 51.00000000000001
200802, 78, 891, 91.5, False, 0, 40.5, 40.5, 1.0
200951, 77, 871, 92.00000000000001, False, 0, 39.5, 80.0, -1.0
201087, 74, 878, 92.5, False, 0, 36.5, 116.5, -3.0
201238, 61, 2550, 93.00000000000001, False, 0, 23.5, 140.0, -13.0
201400, 45, 2441, 93.5, False, 0, 7.5, 0, -16.0
201538, 59, 2426, 94.0, False, 0, 21.5, 21.5, 14.0
201686, 80, 2422, 94.50000000000001, False, 0, 42.5, 64.0, 21.0
201832, 77, 2550, 95.0, False, 0, 39.5, 103.5, -3.0
201977, 69, 2550, 95.50000000000001, False, 0, 31.5, 135.0, -8.0
202125, 48, 2550, 96.00000000000001, False, 0, 10.5, 145.5, -21.0
202277, 24, 2550, 96.5, False, 0, -13.5, 0, -24.0
202418, 29, 2494, 97.00000000000001, False, 0, -8.5, 0, 5.0
202560, 64, 2479, 97.5, False, 0, 26.5, 0, 35.0
202708, 66, 2459, 98.00000000000001, False, 0, 28.5, 28.5, 2.0
202867, 21, 2443, 98.50000000000001, False, 0, -16.5, 0, -45.0
203021, 17, 2441, 99.0, False, 0, -20.5, -20.5, -4.0
203162, 66, 2420, 99.50000000000001, False, 0, 28.5, 0, 49.0
203298, 74, 2404, 100.0, False, 0, 36.5, 36.5, 8.0
203437, 58, 2396, 100.5, False, 0, 20.5, 57.0, -16.0
203593, 9, 2379, 101.0, False, 0, -28.5, 0, -49.0
203746, 16, 2370, 101.5, False, 0, -21.5, -21.5, 7.0
203890, 75, 2343, 102.0, False, 0, 37.5, 0, 59.0
204037, 76, 2335, 102.5, False, 0, 38.5, 38.5, 1.0
204171, 18, 2326, 103.0, False, 0, -19.5, 0, -58.00000000000001
204318, 5, 2330, 103.5, False, 0, -32.5, -32.5, -13.0
204467, 39, 2306, 104.0, False, 0, 1.5, 0, 34.0
204608, 68, 2297, 104.5, False, 0, 30.5, 30.5, 29.0
204757, 27, 2283, 105.0, False, 0, -10.5, 0, -41.00000000000001
204898, 5, 2289, 105.5, False, 0, -32.5, -32.5, -22.0
205047, 36, 2249, 106.0, False, 0, -1.5, 0, 31.0
205188, 70, 2241, 106.5, False, 0, 32.5, 0, 34.0
205333, 37, 2233, 107.0, False, 0, -0.5, 0, -33.0
205477, 5, 2550, 107.5, False, 0, -32.5, -32.5, -32.0
205618, 12, 1481, 108.0, False, 0, -25.5, -58.00000000000001, 7.0
205759, 57, 2550, 108.5, False, 0, 19.5, 0, 45.0
205900, 65, 2550, 109.0, False, 0, 27.5, 27.5, 8.0
206040, 16, 2550, 109.5, False, 0, -21.5, 0, -49.0
206182, 6, 2550, 110.0, False, 0, -31.5, -31.5, -10.0
206337, 62, 2550, 110.5, False, 0, 24.5, 0, 56.00000000000001
206488, 63, 2550, 111.0, False, 0, 25.5, 25.5, 1.0
206646, 12, 2550, 111.5, False, 0, -25.5, 0, -51.00000000000001
206780, 5, 2550, 112.0, False, 0, -32.5, -32.5, -7.0
206928, 72, 2550, 112.5, False, 0, 34.5, 0, 67.0
207068, 77, 2550, 113.0, False, 0, 39.5, 39.5, 5.0
207204, 31, 2550, 113.5, False, 0, -6.5, 0, -46.00000000000001
207346, 10, 2550, 114.0, False, 0, -27.5, -27.5, -21.0
207487, 27, 2550, 114.5, False, 0, -10.5, -38.0, 17.0
207627, 67, 2550, 115.0, False, 0, 29.5, 0, 40.0
207768, 62, 2550, 115.5, False, 0, 24.5, 24.5, -5.0
207910, 13, 2550, 116.0, False, 0, -24.5, 0, -49.0
208052, 8, 2550, 116.5, False, 0, -29.5, -29.5, -5.0
208188, 73, 2550, 117.0, False, 0, 35.5, 0, 65.0
208339, 77, 2550, 117.5, False, 0, 39.5, 39.5, 4.0
208498, 16, 2550, 118.0, False, 0, -21.5, 0, -61.00000000000001
208638, 5, 2550, 118.5, False, 0, -32.5, -32.5, -11.0
208789, 68, 2550, 119.0, False, 0, 30.5, 0, 63.00000000000001
208927, 77, 2550, 119.5, False, 0, 39.5, 39.5, 9.0
209064, 50, 2550, 120.0, False, 0, 12.5, 52.0, -27.0
209219, 6, 2550, 120.5, False, 0, -31.5, 0, -44.0
209358, 8, 2550, 121.0, False, 0, -29.5, -29.5, 2.0
209497, 65, 2550, 121.5, False, 0, 27.5, 0, 57.0
209638, 67, 1830, 122.0, False, 0, 29.5, 29.5, 2.0
209784, 22, 1830, 122.5, False, 0, -15.5, 0, -45.0
209924, 6, 1830, 123.0, False, 0, -31.5, -31.5, -16.0
210082, 58, 1830, 123.5, False, 0, 20.5, 0, 52.0
210227, 76, 2550, 124.0, False, 0, 38.5, 38.5, 18.0
210370, 35, 2550, 124.5, False, 0, -2.5, 0, -41.00000000000001
210520, 5, 2550, 125.0, False, 0, -32.5, -32.5, -30.0
210661, 46, 1744, 125.5, False, 0, 8.5, 0, 41.00000000000001
210797, 79, 2051, 126.0, False, 0, 41.5, 41.5, 33.0
210938, 34, 2550, 126.5, False, 0, -3.5, 0, -45.0
211089, 5, 1702, 127.0, False, 0, -32.5, -32.5, -29.0
211234, 47, 2550, 127.5, False, 0, 9.5, 0, 42.0
211373, 73, 2550, 128.0, False, 0, 35.5, 35.5, 26.0
211528, 32, 2550, 128.5, False, 0, -5.5, 0, -41.00000000000001
211670, 6, 2550, 129.0, False, 0, -31.5, -31.5, -26.0
211802, 31, 2550, 129.5, False, 0, -6.5, 0, 25.0
211947, 72, 1557, 130.0, False, 0, 34.5, 0, 41.00000000000001
212090, 47, 2099, 130.0, False, 0, 9.5, 0, -25.0
212231, 6, 2550, 130.0, False, 0, -31.5, 0, -41.00000000000001
212377, 25, 1513, 130.0, False, 0, -12.5, -12.5, 19.0
212526, 78, 2550, 130.0, False, 0, 40.5, 0, 53.00000000000001
212681, 75, 1468, 130.0, False, 0, 37.5, 37.5, -3.0
212823, 74, 1456, 130.0, False, 0, 36.5, 74.0, -1.0
212968, 75, 2550, 130.0, False, 0, 37.5, 111.5, 1.0
213130, 74, 2550, 130.0, False, 0, 36.5, 148.0, -1.0
213277, 73, 2550, 130.0, False, 0, 35.5, 183.5, -1.0
213418, 74, 2550, 130.0, False, 0, 36.5, 220.0, 1.0
213557, 74, 2550, 130.0, False, 0, 36.5, 256.5, 0.0
213721, 74, 2550, 130.0, False, 0, 36.5, 293.0, 0.0
213866, 30, 1740, 130.0, False, 0, -7.5, 0, -44.0
214001, 5, 2550, 130.0, False, 0, -32.5, -32.5, -25.0
214140, 78, 2550, 130.0, False, 0, 40.5, 0, 73.00000000000001
214299, 82, 2550, 130.0, False, 0, 44.5, 44.5, 4.0
214441, 62, 2550, 130.0, False, 0, 24.5, 69.0, -20.0
214584, 56, 2550, 130.0, False, 0, 18.5, 87.5, -6.0
214759, 74, 2550, 130.0, False, 0, 36.5, 124.0, 18.0
214920, 66, 2550, 130.0, False, 0, 28.5, 152.5, -8.0
215064, 23, 2550, 130.0, False, 0, -14.5, 0, -43.0
215218, 16, 2550, 130.0, False, 0, -21.5, -21.5, -7.0
215364, 79, 2550, 130.0, False, 0, 41.5, 0, 63.00000000000001
215507, 81, 2550, 130.0, False, 0, 43.50000000000001, 43.50000000000001, 2.0
215677, 81, 2550, 130.0, False, 0, 43.50000000000001, 87.00000000000001, 0.0
215837, 81, 2550, 130.0, False, 0, 43.50000000000001, 130.5, 0.0
215978, 78, 2550, 130.0, False, 0, 40.5, 171.0, -3.0
216138, 63, 2550, 130.0, False, 0, 25.5, 196.5, -15.0
216281, 79, 2550, 130.0, False, 0, 41.5, 238.0, 16.0
216429, 80, 2550, 130.0, False, 0, 42.5, 280.5, 1.0
216590, 78, 2550, 130.0, False, 0, 40.5, 321.0, -2.0
216740, 35, 2550, 130.0, False, 0, -2.5, 0, -43.0
216897, 5, 2550, 130.0, False, 0, -32.5, -32.5, -30.0
217052, 18, 2550, 130.0, False, 0, -19.5, -52.0, 13.0
217212, 71, 2550, 130.0, False, 0, 33.5, 0, 53.00000000000001
217380, 53, 2550, 130.0, False, 0, 15.5, 15.5, -18.0
217529, 5, 2550, 130.0, False, 0, -32.5, 0, -48.00000000000001
217678, 5, 2550, 130.0, False, 0, -32.5, -32.5, 0.0
217822, 44, 2550, 130.0, False, 0, 6.5, 0, 39.0
217967, 53, 2550, 130.0, False, 0, 15.5, 15.5, 9.0
218118, 18, 2550, 130.0, False, 0, -19.5, 0, -35.0
218257, 9, 2550, 130.0, False, 0, -28.5, -28.5, -9.0
218398, 52, 2550, 130.0, False, 0, 14.5, 0, 43.0
218540, 74, 2550, 130.0, False, 0, 36.5, 36.5, 22.0
218690, 43, 2550, 130.0, False, 0, 5.5, 0, -31.0
218831, 6, 2550, 130.0, False, 0, -31.5, 0, -37.0
218979, 30, 2550, 130.0, False, 0, -7.5, 0, 24.0
219120, 77, 2550, 130.0, False, 0, 39.5, 0, 47.0
219261, 64, 2550, 130.0, False, 0, 26.5, 26.5, -13.0
219399, 7, 2550, 130.0, False, 0, -30.5, 0, -57.0
219539, 6, 2550, 130.0, False, 0, -31.5, -31.5, -1.0
219697, 67, 2550, 130.0, False, 0, 29.5, 0, 61.00000000000001
219848, 75, 2550, 130.0, False, 0, 37.5, 37.5, 8.0
219992, 23, 2550, 130.0, False, 0, -14.5, 0, -52.0
220161, 7, 2550, 130.0, False, 0, -30.5, -30.5, -16.0
220311, 65, 2550, 130.0, False, 0, 27.5, 0, 58.00000000000001
220457, 74, 2550, 130.0, False, 0, 36.5, 36.5, 9.0
220600, 21, 2550, 130.0, False, 0, -16.5, 0, -53.00000000000001
220760, 23, 2550, 130.0, False, 0, -14.5, -14.5, 2.0
220920, 70, 2550, 130.0, False, 0, 32.5, 0, 47.0
221070, 70, 2550, 130.0, False, 0, 32.5, 32.5, 0.0
221229, 6, 2550, 130.0, False, 0, -31.5, 0, -64.0
221385, 4, 2550, 130.0, False, 0, -33.5, -33.5, -2.0
221536, 57, 2550, 130.0, False, 0, 19.5, 0, 53.00000000000001
221688, 63, 2550, 130.0, False, 0, 25.5, 25.5, 6.0
221838, 9, 2550, 130.0, False, 0, -28.5, 0, -54.0
221988, 6, 2550, 130.0, False, 0, -31.5, -31.5, -3.0
222141, 48, 2550, 130.0, False, 0, 10.5, 0, 42.0
222281, 70, 2550, 130.0, False, 0, 32.5, 32.5, 22.0
222437, 11, 2550, 130.0, False, 0, -26.5, 0, -59.0
222579, 4, 2550, 130.0, False, 0, -33.5, -33.5, -7.0
222720, 27, 2550, 130.0, False, 0, -10.5, -44.0, 23.0
222862, 39, 2550, 130.0, False, 0, 1.5, 0, 12.0
222995, 44, 2550, 130.0, False, 0, 6.5, 0, 5.0
223149, 36, 2550, 130.0, False, 0, -1.5, 0, -8.0
223291, 24, 2550, 130.0, False, 0, -13.5, -13.5, -12.0
223431, 46, 326, 80, False, 0, 8.5, 0, 22.0
223589, 73, 2550, 80.50000000000001, False, 0, 35.5, 35.5, 27.0
223741, 28, 2550, 81.0, False, 0, -9.5, 0, -45.0
223884, 9, 2550, 81.5, False, 0, -28.5, -28.5, -19.0
224026, 32, 1572, 82.00000000000001, False, 0, -5.5, 0, 23.0
224168, 62, 1565, 82.5, False, 0, 24.5, 0, 30.0
224302, 44, 2550, 83.00000000000001, False, 0, 6.5, 0, -18.0
224448, 9, 2550, 83.5, False, 0, -28.5, 0, -35.0
224588, 21, 2550, 84.0, False, 0, -16.5, -16.5, 12.0
224740, 74, 2550, 84.50000000000001, False, 0, 36.5, 0, 53.00000000000001
224883, 63, 2550, 85.0, False, 0, 25.5, 25.5, -11.0
225018, 6, 2550, 85.50000000000001, False, 0, -31.5, 0, -57.0
225168, 6, 2550, 86.0, False, 0, -31.5, -31.5, 0.0
225318, 67, 1448, 86.5, False, 0, 29.5, 0, 61.00000000000001
225458, 78, 1418, 87.00000000000001, False, 0, 40.5, 40.5, 11.0
225610, 16, 1443, 87.5, False, 0, -21.5, 0, -62.0
225761, 6, 2550, 88.00000000000001, False, 0, -31.5, -31.5, -10.0
225910, 73, 1368, 88.5, False, 0, 35.5, 0, 67.0
226048, 72, 1236, 89.0, False, 0, 34.5, 34.5, -1.0
226187, 21, 1223, 89.50000000000001, False, 0, -16.5, 0, -51.00000000000001
226328, 6, 2550, 90.0, False, 0, -31.5, -31.5, -15.0
226463, 62, 1298, 90.50000000000001, False, 0, 24.5, 0, 56.00000000000001
226598, 79, 1179, 91.0, False, 0, 41.5, 41.5, 17.0
226750, 78, 1389, 91.5, False, 0, 40.5, 82.00000000000001, -1.0
226892, 58, 2550, 92.00000000000001, False, 0, 20.5, 102.5, -20.0
227028, 33, 2550, 92.5, False, 0, -4.5, 0, -25.0
227177, 64, 2550, 93.00000000000001, False, 0, 26.5, 0, 31.0
227314, 82, 2550, 93.5, False, 0, 44.5, 44.5, 18.0
227453, 81, 2550, 94.0, False, 0, 43.50000000000001, 88.00000000000001, -1.0
227588, 72, 2550, 94.50000000000001, False, 0, 34.5, 122.5, -9.0
227728, 23, 2550, 95.0, False, 0, -14.5, 0, -49.0
227871, 24, 2550, 95.50000000000001, False, 0, -13.5, -13.5, 1.0
228017, 79, 2550, 96.00000000000001, False, 0, 41.5, 0, 55.0
228167, 78, 2550, 96.5, False, 0, 40.5, 40.5, -1.0
228326, 79, 1628, 97.00000000000001, False, 0, 41.5, 82.00000000000001, 1.0
228469, 80, 2550, 97.5, False, 0, 42.5, 124.5, 1.0
228648, 78, 2550, 98.00000000000001, False, 0, 40.5, 165.0, -2.0
228800, 70, 2550, 98.50000000000001, False, 0, 32.5, 197.5, -8.0
228950, 36, 2550, 99.0, False, 0, -1.5, 0, -34.0
229100, 9, 2550, 99.50000000000001, False, 0, -28.5, -28.5, -27.0
229238, 59, 2550, 100.0, False, 0, 21.5, 0, 50.0
229387, 76, 2550, 100.5, False, 0, 38.5, 38.5, 17.0
229539, 71, 1671, 101.0, False, 0, 33.5, 72.0, -5.0
229709, 19, 2550, 101.5, False, 0, -18.5, 0, -52.0
229882, 53, 2550, 102.0, False, 0, 15.5, 0, 34.0
230037, 76, 1388, 102.5, False, 0, 38.5, 38.5, 23.0
230200, 72, 2550, 103.0, False, 0, 34.5, 73.00000000000001, -4.0
230340, 64, 2550, 103.5, False, 0, 26.5, 99.50000000000001, -8.0
230481, 64, 2550, 104.0, False, 0, 26.5, 126.0, 0.0
230640, 62, 1261, 104.5, False, 0, 24.5, 150.5, -2.0
230782, 54, 2550, 105.0, False, 0, 16.5, 167.0, -8.0
230931, 36, 2550, 105.5, False, 0, -1.5, 0, -18.0
231067, 47, 2550, 106.0, False, 0, 9.5, 0, 11.0
231207, 76, 2550, 106.5, False, 0, 38.5, 38.5, 29.0
231369, 81, 2550, 107.0, False, 0, 43.50000000000001, 82.00000000000001, 5.0
231507, 75, 2550, 107.5, False, 0, 37.5, 119.5, -6.0
231647, 63, 2550, 108.0, False, 0, 25.5, 145.0, -12.0
231790, 41, 2550, 108.5, False, 0, 3.5, 0, -22.0
231944, 30, 2550, 109.0, False, 0, -7.5, 0, -11.0
232089, 65, 2494, 109.5, False, 0, 27.5, 0, 35.0
232247, 69, 2550, 110.0, False, 0, 31.5, 31.5, 4.0
232390, 48, 2550, 110.5, False, 0, 10.5, 42.0, -21.0
232539, 43, 2464, 111.0, False, 0, 5.5, 0, -5.0
