time, step, color, speed, distance, stop, deviation, integral, derivative, front_id, front_time, front_step, front_speed, front_distance
0,0,46,94.5,2550, False,8.5,0,8.5,2, None, None, None, None
204,0,48,99.225,2550, False,10.5,10.5,2,2,141,0,94.5,687
409,0,40,104.18625,1549, False,2.5,0,-8,2,413,0,104.1862488,687
610,0,53,109.3955625,2550, False,15.5,15.5,13,2,555,0,109.3955612,687
815,0,59,114.8653406,1529, False,21.5,37,6,2,706,0,114.8653412,687
1015,0,55,120.6086077,1467, False,17.5,54.5,-4,2,974,0,126.6390381,687
1216,0,61,126.639038,2550, False,23.5,78,6,2,1271,0,139.6195374,365
1424,0,60,132.9709899,2550, False,22.5,100.5,-1,2,1421,0,146.6005096,2550
1627,0,61,90,2550, False,23.5,124,1,2,1691,0,153.930542,2550
1834,0,60,90,2550, False,22.5,146.5,-1,2,1827,0,165,2550
2034,0,30,90,2550, False,-7.5,0,-30,2,2091,0,165,1122
2237,0,61,94.5,2550, False,23.5,0,31,2,2221,0,165,1791
2438,0,69,99.225,2550, False,31.5,31.5,8,2,2493,0,165,899
2643,0,69,104.18625,2550, False,31.5,63,0,2,2634,0,165,2550
2844,0,54,109.3955625,2550, False,16.5,79.5,-15,2,2791,0,165,1290
3054,0,35,114.8653406,2550, False,-2.5,0,-19,2,3082,0,165,1210
3254,0,64,120.6086077,2550, False,26.5,0,29,2,3231,0,165,1183
3464,0,64,126.639038,2550, False,26.5,26.5,0,2,3531,0,165,1155
3683,0,64,132.9709899,2550, False,26.5,53,0,2,3684,0,165,1534
3884,0,67,139.6195394,2550, False,29.5,82.5,3,2,3823,0,165,1466
4096,0,69,146.6005164,2550, False,31.5,114,2,2,4104,0,90,1426
4304,0,61,90,2550, False,23.5,137.5,-8,2,4268,0,90,2550
4506,0,50,90,2550, False,12.5,150,-11,2,4426,0,90,1397
4707,0,17,90,2550, False,-20.5,0,-33,2,4722,0,94.5,1351
4907,0,54,94.5,2550, False,16.5,0,37,2,4882,0,104.1862488,2550
5114,0,70,99.225,2550, False,32.5,32.5,16,2,5031,0,109.3955612,2550
5317,0,70,104.18625,1908, False,32.5,65,0,2,5371,0,114.8653412,1397
5518,0,57,109.3955625,2550, False,19.5,84.5,-13,2,5505,0,94.5,2550
5718,0,40,114.8653406,2550, False,2.5,0,-17,2,5672,0,99.22499847,2550
5918,0,55,120.6086077,2550, False,17.5,17.5,15,2,5944,0,109.3955612,2550
6127,0,54,126.639038,2550, False,16.5,34,-1,2,6073,0,114.8653412,2550
6334,0,27,132.9709899,2550, False,-10.5,0,-27,2,6360,0,126.6390381,2550
6544,0,64,139.6195394,2550, False,26.5,0,37,2,6492,0,90,2550
6767,0,26,146.6005164,2550, False,-11.5,0,-38,2,6755,0,90,1210
6967,0,40,153.9305422,1295, False,2.5,0,14,2,7034,0,90,2550
7167,0,52,161.6270693,1271, False,14.5,14.5,12,2,7201,0,94.5,893
7368,0,25,165,2550, False,-12.5,0,-27,2,7341,0,99.22499847,2550
7568,0,47,165,1215, False,9.5,0,22,2,7633,0,109.3955612,2550
7773,0,41,165,2550, False,3.5,0,-6,2,7773,0,114.8653412,1702
7993,0,38,165,2550, False,0.5,0,-3,2,8047,0,120.6086044,1162
8198,0,36,165,2550, False,-1.5,0,-2,2,8183,0,90,1196
8398,0,35,165,1152, False,-2.5,0,-1,2,8338,0,90,1202
8613,0,40,165,1100, False,2.5,0,5,2,8612,0,90,2550
8814,0,39,165,2550, False,1.5,0,-1,2,8762,0,94.5,2550
9023,0,39,165,1623, False,1.5,0,0,2,9044,0,104.1862488,2550
9224,0,49,165,2550, False,11.5,11.5,10,2,9193,0,109.3955612,1227
9436,0,18,165,1460, False,-19.5,0,-31,2,9514,0,114.8653412,1271
9636,0,49,165,1406, False,11.5,0,31,2,9655,0,126.6390381,2550
9838,0,53,165,2550, False,15.5,15.5,4,2,9791,0,132.970993,2550
10038,0,18,165,1740, False,-19.5,0,-35,2,10083,0,146.6005096,2271
10238,0,46,165,2550, False,8.5,0,28,2,10221,0,153.930542,2238
10439,0,54,165,1539, False,16.5,16.5,8,2,10391,0,161.6270752,1227
10644,0,11,165,1539, False,-26.5,0,-43,2,10682,0,165,2550
10845,0,42,165,1539, False,4.5,0,31,2,10821,0,165,1155
11078,0,52,165,1756, False,14.5,14.5,10,2,11096,0,165,1119
11282,0,16,165,349, False,-21.5,0,-36,2,11242,0,165,2290
11486,0,57,165,2550, False,19.5,0,41,2,11548,0,165,2116
11687,0,45,165,2550, False,7.5,0,-12,2,11699,0,165,2100
11887,0,15,165,1601, False,-22.5,0,-30,2,11840,0,165,1031
12094,0,60,165,2550, False,22.5,0,45,2,12132,0,165,2550
12296,0,55,165,2550, False,17.5,17.5,-5,2,12265,0,165,2550
12497,0,10,165,2550, False,-27.5,0,-45,2,12422,0,165,2550
12698,0,34,165,1349, False,-3.5,0,24,2,12719,0,165,970
12905,0,66,165,1206, False,28.5,0,32,2,12866,0,165,2550
13105,0,63,165,2550, False,25.5,25.5,-3,2,13141,0,165,2550
13313,0,71,165,2550, False,33.5,59,8,2,13284,0,165,1762
13515,0,69,165,2550, False,31.5,90.5,-2,2,13562,0,165,1722
13724,0,65,165,2550, False,27.5,118,-4,2,13699,0,165,1694
13932,0,67,90,1307, False,29.5,147.5,2,2,13982,0,165,1611
14134,0,77,90,1744, False,39.5,187,10,2,14111,0,165,1603
14343,0,22,90,2550, False,-15.5,0,-55,2,14262,0,165,1564
14543,0,23,94.5,2550, False,-14.5,-14.5,1,2,14582,0,165,1519
14756,0,63,99.225,2550, False,25.5,0,40,2,14721,0,165,1472
14964,0,54,104.18625,2550, False,16.5,16.5,-9,2,15031,0,165,1456
15164,0,26,109.3955625,2550, False,-11.5,0,-28,2,15164,0,165,1418
15373,0,62,114.8653406,2550, False,24.5,0,36,2,15302,0,165,1387
15574,0,66,120.6086077,2550, False,28.5,28.5,4,2,15602,0,165,1385
15774,0,65,126.639038,2550, False,27.5,56,-1,2,15734,0,165,1326
15984,0,61,132.9709899,2550, False,23.5,79.5,-4,2,16030,0,165,1326
16204,0,61,139.6195394,2550, False,23.5,103,0,2,16163,0,165,1254
16407,0,61,90,2550, False,23.5,126.5,0,2,16452,0,165,1227
16608,0,63,90,2550, False,25.5,152,2,2,16591,0,90,1196
16808,0,64,90,2550, False,26.5,178.5,1,2,16752,0,90,1202
17022,0,6,90,2550, False,-31.5,0,-58,2,17025,0,90,1877
17227,0,43,94.5,1269, False,5.5,0,37,2,17183,0,94.5,1174
17427,0,60,99.225,2550, False,22.5,22.5,17,2,17481,0,104.1862488,1139
17637,0,41,104.18625,2550, False,3.5,0,-19,2,17655,0,109.3955612,1139
17838,0,40,109.3955625,1282, False,2.5,0,-1,2,17792,0,114.8653412,1800
18038,0,55,114.8653406,2442, False,17.5,17.5,15,2,18065,0,126.6390381,1162
18245,0,40,120.6086077,2420, False,2.5,0,-15,2,18231,0,132.970993,1767
18454,0,47,126.639038,2406, False,9.5,0,7,2,18511,0,139.6195374,1746
18664,0,47,132.9709899,1281, False,9.5,0,0,2,18650,0,153.930542,1702
18864,0,31,139.6195394,2360, False,-6.5,0,-16,2,18783,0,161.6270752,1672
19064,0,45,146.6005164,2550, False,7.5,0,14,2,19082,0,90,1633
19264,0,34,153.9305422,2550, False,-3.5,0,-11,2,19223,0,90,1619
19464,0,42,161.6270693,2550, False,4.5,0,8,2,19502,0,90,1076
19664,0,37,165,2258, False,-0.5,0,-5,2,19680,0,90,1093
19886,0,41,165,2223, False,3.5,0,4,2,19955,0,94.5,1076
20086,0,42,165,2550, False,4.5,0,1,2,20088,0,90,1173
20287,0,29,165,2550, False,-8.5,0,-13,2,20242,0,94.5,2550
20487,0,43,165,2550, False,5.5,0,14,2,20518,0,104.1862488,2304
20687,0,42,165,2158, False,4.5,0,-1,2,20654,0,109.3955612,2550
20888,0,35,165,2550, False,-2.5,0,-7,2,20924,0,120.6086044,1138
21094,0,36,165,2550, False,-1.5,0,1,2,21081,0,126.6390381,1525
21308,0,41,165,2150, False,3.5,0,5,2,21366,0,132.970993,1119
21508,0,33,165,2282, False,-4.5,0,-8,2,21495,0,146.6005096,2550
21709,0,44,165,1936, False,6.5,0,11,2,21775,0,153.930542,1166
21913,0,39,165,1877, False,1.5,0,-5,2,21916,0,165,954
22114,0,29,165,2550, False,-8.5,0,-10,2,22071,0,165,1111
22317,0,49,165,1823, False,11.5,0,20,2,22351,0,165,1046
22526,0,34,165,1760, False,-3.5,0,-15,2,22521,0,165,2550
22726,0,37,165,1725, False,-0.5,0,3,2,22654,0,165,1012
22927,0,39,165,1679, False,1.5,0,2,2,22943,0,165,984
23127,0,34,165,1642, False,-3.5,0,-5,2,23076,0,165,1054
23327,0,33,165,1611, False,-4.5,0,-1,2,23381,0,165,1024
23528,0,46,165,1575, False,8.5,0,13,2,23536,0,165,899
23734,0,24,165,1549, False,-13.5,0,-22,2,23681,0,165,921
23934,0,51,165,1498, False,13.5,0,27,2,23942,0,165,937
24134,0,31,165,1468, False,-6.5,0,-20,2,24104,0,165,842
24345,0,40,165,1443, False,2.5,0,9,2,24372,0,165,818
24545,0,33,165,1400, False,-4.5,0,-7,2,24523,0,165,782
24747,0,30,165,1376, False,-7.5,0,-3,2,24815,0,165,2550
24947,0,56,165,1353, False,18.5,0,26,2,24955,0,165,765
25147,0,64,165,1317, False,26.5,26.5,8,2,25112,0,165,757
25348,0,67,165,1269, False,29.5,56,3,2,25392,0,165,757
25554,0,66,165,1236, False,28.5,84.5,-1,2,25534,0,165,1679
25756,0,64,165,1200, False,26.5,111,-2,2,25821,0,165,734
25956,0,66,90,1181, False,28.5,139.5,2,2,25972,0,165,728
26156,0,55,90,1162, False,17.5,157,-11,2,26130,0,165,728
26364,0,77,90,1155, False,39.5,196.5,22,2,26392,0,165,2550
26575,0,71,90,1848, False,33.5,230,-6,2,26530,0,165,2124
26778,0,5,90,1816, False,-32.5,0,-66,2,26835,0,165,2550
26984,0,5,94.5,1805, False,-32.5,-32.5,0,2,26984,0,165,2550
27188,0,10,99.225,1786, False,-27.5,-60,5,2,27130,0,165,1372
27389,0,52,104.18625,1763, False,14.5,0,42,2,27406,0,165,1288
27594,0,56,109.3955625,1744, False,18.5,18.5,4,2,27545,0,165,1286
27795,0,49,114.8653406,1722, False,11.5,30,-7,2,27830,0,165,1255
28003,0,55,120.6086077,1693, False,17.5,47.5,6,2,27982,0,165,2282
28215,0,62,126.639038,1674, False,24.5,72,7,2,28262,0,165,2550
28416,0,66,132.9709899,1648, False,28.5,100.5,4,2,28413,0,165,2154
28616,0,63,90,1633, False,25.5,126,-3,2,28692,0,165,2550
28816,0,58,90,1626, False,20.5,146.5,-5,2,28821,0,90,1119
29016,0,24,90,2550, False,-13.5,0,-34,2,28971,0,90,1093
29217,0,65,94.5,2550, False,27.5,0,41,2,29282,0,90,1058
29418,0,64,99.225,1603, False,26.5,26.5,-1,2,29412,0,90,1052
29619,0,61,104.18625,2550, False,23.5,50,-3,2,29572,0,90,595
29819,0,56,109.3955625,2550, False,18.5,68.5,-5,2,29860,0,94.5,605
30023,0,40,114.8653406,2550, False,2.5,0,-16,2,29997,0,99.22499847,574
30225,0,44,120.6086077,2550, False,6.5,0,4,2,30165,0,104.1862488,574
30428,0,47,126.639038,1282, False,9.5,0,3,2,30465,0,109.3955612,758
30634,0,41,132.9709899,2550, False,3.5,0,-6,2,30620,0,90,2550
30844,0,45,139.6195394,1225, False,7.5,0,4,2,30763,0,90,2550
31044,0,38,146.6005164,2550, False,0.5,0,-7,2,31046,0,94.5,2550
31247,0,47,153.9305422,2550, False,9.5,0,9,2,31203,0,99.22499847,1746
31448,0,31,161.6270693,2550, False,-6.5,0,-16,2,31374,0,104.1862488,2550
31652,0,44,165,2550, False,6.5,0,13,2,31665,0,90,2550
31869,0,32,165,2550, False,-5.5,0,-12,2,31795,0,90,864
32078,0,41,165,2550, False,3.5,0,9,2,32094,0,90,758
32279,0,35,165,2550, False,-2.5,0,-6,2,32305,0,90,658
32483,0,42,165,2550, False,4.5,0,7,2,32465,0,90,654
32694,0,41,165,1066, False,3.5,0,-1,2,32634,0,94.5,639
32897,0,32,165,2550, False,-5.5,0,-9,2,32933,0,104.1862488,660
33098,0,44,165,2550, False,6.5,0,12,2,33081,0,90,714
33299,0,40,165,2550, False,2.5,0,-4,2,33355,0,94.5,714
33503,0,37,165,1695, False,-0.5,0,-3,2,33506,0,104.1862488,689
33706,0,43,165,1678, False,5.5,0,6,2,33654,0,109.3955612,698
33906,0,37,165,2550, False,-0.5,0,-6,2,33972,0,114.8653412,681
34108,0,36,165,2550, False,-1.5,0,-1,2,34125,0,126.6390381,728
34308,0,38,165,2550, False,0.5,0,2,2,34281,0,132.970993,698
34509,0,51,165,2219, False,13.5,13.5,13,2,34437,0,139.6195374,742
34714,0,13,165,2233, False,-24.5,0,-38,2,34620,0,146.6005096,726
34915,0,58,165,2550, False,20.5,0,45,2,34963,0,153.930542,730
35115,0,52,165,2550, False,14.5,14.5,-6,2,35091,0,165,726
35316,0,7,165,2550, False,-30.5,0,-45,2,35373,0,165,718
35516,0,58,165,2550, False,20.5,0,51,2,35525,0,165,704
35716,0,63,165,2550, False,25.5,25.5,5,2,35692,0,165,326
35916,0,9,165,1418, False,-28.5,0,-54,2,35981,0,90,693
36121,0,28,165,2550, False,-9.5,0,19,2,36145,0,99.22499847,658
36323,0,58,165,2550, False,20.5,0,30,2,36281,0,104.1862488,658
36535,0,8,165,2550, False,-29.5,0,-50,2,36603,0,109.3955612,658
36735,0,39,165,2550, False,1.5,0,31,2,36741,0,120.6086044,710
36936,0,44,165,2336, False,6.5,0,5,2,36876,0,126.6390381,720
37136,0,58,165,2299, False,20.5,20.5,14,2,37074,0,132.970993,720
37338,0,51,165,2280, False,13.5,34,-7,2,37226,0,139.6195374,706
37538,0,54,165,2236, False,16.5,50.5,3,2,37594,0,153.930542,712
37742,0,58,165,2550, False,20.5,71,4,2,37741,0,161.6270752,736
37948,0,66,165,1130, False,28.5,99.5,8,2,37881,0,165,736
38156,0,71,165,1101, False,33.5,133,5,2,38164,0,165,680
38357,0,67,90,1046, False,29.5,162.5,-4,2,38431,0,165,720
38561,0,67,90,1030, False,29.5,192,0,2,38601,0,165,704
38767,0,68,90,1012, False,30.5,222.5,1,2,38733,0,165,704
38968,0,65,90,993, False,27.5,250,-3,2,39012,0,165,693
39173,0,5,90,1008, False,-32.5,0,-60,2,39155,0,165,693
39375,0,5,94.5,2550, False,-32.5,-32.5,0,2,39291,0,165,693
39581,0,15,99.225,2550, False,-22.5,-55,10,2,39608,0,165,672
39784,0,55,104.18625,2550, False,17.5,0,40,2,39803,0,165,2550
39985,0,37,109.3955625,2550, False,-0.5,0,-18,2,39939,0,165,2550
40185,0,63,114.8653406,2550, False,25.5,0,26,2,40214,0,165,2550
40385,0,67,120.6086077,2550, False,29.5,29.5,4,2,40346,0,165,2167
40586,0,70,126.639038,2550, False,32.5,62,3,2,40626,0,165,2550
40787,0,64,132.9709899,2550, False,26.5,88.5,-6,2,40772,0,165,1557
40987,0,57,139.6195394,2550, False,19.5,108,-7,2,40931,0,165,891
41187,0,57,90,2550, False,19.5,127.5,0,2,41202,0,165,1503
41404,0,54,90,2550, False,16.5,144,-3,2,41345,0,165,2550
41604,0,21,90,2550, False,-16.5,0,-33,2,41621,0,165,1422
41804,0,37,94.5,2550, False,-0.5,0,16,2,41781,0,165,1436
42007,0,52,99.225,2477, False,14.5,0,15,2,42061,0,165,2550
42209,0,35,104.18625,2471, False,-2.5,0,-17,2,42225,0,90,2550
42411,0,44,109.3955625,2458, False,6.5,0,9,2,42355,0,90,2550
42614,0,44,114.8653406,2425, False,6.5,0,0,2,42660,0,90,2550
42814,0,42,120.6086077,1204, False,4.5,0,-2,2,42822,0,90,2550
43018,0,52,126.639038,2378, False,14.5,14.5,10,2,42971,0,90,2550
43219,0,29,132.9709899,1190, False,-8.5,0,-23,2,43268,0,90,2550
43434,0,51,139.6195394,2338, False,13.5,0,22,2,43424,0,94.5,592
43648,0,36,146.6005164,1135, False,-1.5,0,-15,2,43722,0,99.22499847,635
43864,0,44,153.9305422,1154, False,6.5,0,8,2,43877,0,90,609
44068,0,34,161.6270693,2257, False,-3.5,0,-10,2,44041,0,90,2550
44268,0,42,165,1147, False,4.5,0,8,2,44195,0,90,2550
44469,0,38,165,2550, False,0.5,0,-4,2,44405,0,94.5,2550
44673,0,40,165,1068, False,2.5,0,2,2,44695,0,104.1862488,2550
44874,0,29,165,1016, False,-8.5,0,-11,2,44835,0,90,2550
45074,0,45,165,2550, False,7.5,0,16,2,45102,0,90,654
45275,0,35,165,2550, False,-2.5,0,-10,2,45251,0,90,740
45485,0,43,165,1022, False,5.5,0,8,2,45532,0,94.5,2550
45685,0,32,165,945, False,-5.5,0,-11,2,45665,0,99.22499847,685
45887,0,46,165,945, False,8.5,0,14,2,45963,0,104.1862488,697
46091,0,29,165,2550, False,-8.5,0,-17,2,46096,0,114.8653412,679
46295,0,45,165,2550, False,7.5,0,16,2,46246,0,120.6086044,651
46497,0,33,165,865, False,-4.5,0,-12,2,46541,0,132.970993,639
46704,0,45,165,863, False,7.5,0,12,2,46673,0,139.6195374,697
46905,0,28,165,2550, False,-9.5,0,-17,2,46934,0,146.6005096,668
47106,0,46,165,2550, False,8.5,0,18,2,47085,0,161.6270752,668
47326,0,25,165,2550, False,-12.5,0,-21,2,47381,0,165,658
47527,0,47,165,2550, False,9.5,0,22,2,47523,0,165,609
47728,0,39,165,2550, False,1.5,0,-8,2,47675,0,165,563
47929,0,37,165,2550, False,-0.5,0,-2,2,47973,0,165,553
48136,0,36,165,2550, False,-1.5,0,-1,2,48104,0,165,569
48336,0,32,165,2550, False,-5.5,0,-4,2,48263,0,165,555
48537,0,45,165,2550, False,7.5,0,13,2,48548,0,165,537
48744,0,31,165,2550, False,-6.5,0,-14,2,48695,0,165,519
48966,0,51,165,2550, False,13.5,0,20,2,48971,0,165,479
49166,0,38,165,2550, False,0.5,0,-13,2,49237,0,165,481
49366,0,59,165,2550, False,21.5,21.5,21,2,49366,0,165,447
49566,0,61,165,2550, False,23.5,45,2,2,49503,0,165,445
49766,0,59,165,2550, False,21.5,66.5,-2,2,49775,0,165,436
49966,0,59,165,2550, False,21.5,88,0,2,49922,0,165,428
50168,0,60,165,2550, False,22.5,110.5,1,2,50181,0,165,404
50374,0,64,90,2550, False,26.5,137,4,2,50333,0,165,357
50575,0,64,90,2550, False,26.5,163.5,0,2,50602,0,165,321
50775,0,67,90,2550, False,29.5,193,3,2,50745,0,90,321
50983,0,74,90,2550, False,36.5,229.5,7,2,50902,0,90,334
51184,0,62,90,2550, False,24.5,254,-12,2,51181,0,99.22499847,376
51391,0,5,90,955, False,-32.5,0,-57,2,51326,0,104.1862488,357
51595,0,5,94.5,2550, False,-32.5,-32.5,0,2,51612,0,90,328
51804,0,5,99.225,2550, False,-32.5,-65,0,2,51761,0,90,357
52004,0,26,104.18625,2550, False,-11.5,-76.5,21,2,52044,0,94.5,321
52214,0,67,109.3955625,2550, False,29.5,0,41,2,52200,0,94.5,340
52425,0,68,114.8653406,2550, False,30.5,30.5,1,2,52490,0,99.22499847,340
52634,0,57,120.6086077,2550, False,19.5,50,-11,2,52661,0,90,321
52834,0,66,126.639038,2550, False,28.5,78.5,9,2,52794,0,94.5,321
53056,0,60,132.9709899,2550, False,22.5,101,-6,2,53101,0,90,326
53257,0,55,90,986, False,17.5,118.5,-5,2,53234,0,90,383
53458,0,69,90,955, False,31.5,150,14,2,53526,0,94.5,357
53664,0,16,90,2550, False,-21.5,0,-53,2,53664,0,104.1862488,329
53864,0,52,94.5,901, False,14.5,0,36,2,53811,0,90,389
54068,0,59,99.225,1052, False,21.5,21.5,7,2,54096,0,99.22499847,408
54274,0,41,104.18625,968, False,3.5,0,-18,2,54271,0,104.1862488,2550
54478,0,52,109.3955625,953, False,14.5,14.5,11,2,54425,0,109.3955612,353
54678,0,50,114.8653406,2550, False,12.5,27,-2,2,54706,0,120.6086044,345
54883,0,38,120.6086077,2550, False,0.5,0,-12,2,54834,0,126.6390381,1316
55091,0,52,126.639038,970, False,14.5,14.5,14,2,55142,0,139.6195374,1299
55298,0,40,132.9709899,2550, False,2.5,0,-12,2,55292,0,146.6005096,1389
55524,0,35,139.6195394,856, False,-2.5,0,-5,2,55575,0,153.930542,1993
55725,0,44,146.6005164,964, False,6.5,0,9,2,55727,0,90,1944
55937,0,37,153.9305422,941, False,-0.5,0,-7,2,55892,0,90,389
56144,0,42,161.6270693,962, False,4.5,0,5,2,56161,0,99.22499847,404
56356,0,40,165,925, False,2.5,0,-2,2,56292,0,104.1862488,2550
56558,0,39,165,1242, False,1.5,0,-1,2,56571,0,114.8653412,383
56763,0,39,165,915, False,1.5,0,0,2,56711,0,120.6086044,383
56979,0,37,165,901, False,-0.5,0,-2,2,57031,0,90,326
57183,0,32,165,887, False,-5.5,0,-5,2,57182,0,90,391
57399,0,43,165,871, False,5.5,0,11,2,57320,0,94.5,393
57615,0,40,165,886, False,2.5,0,-3,2,57622,0,104.1862488,326
57816,0,48,165,826, False,10.5,10.5,8,2,57762,0,90,392
58023,0,27,165,780, False,-10.5,0,-21,2,58044,0,99.22499847,2550
58225,0,35,165,818, False,-2.5,0,8,2,58171,0,104.1862488,418
58431,0,46,165,808, False,8.5,0,11,2,58466,0,114.8653412,404
58637,0,34,165,750, False,-3.5,0,-12,2,58614,0,120.6086044,425
58837,0,31,165,822, False,-6.5,0,-3,2,58896,0,90,447
59037,0,46,165,822, False,8.5,0,15,2,59051,0,90,384
59238,0,22,165,822, False,-15.5,0,-24,2,59196,0,90,393
59442,0,43,165,730, False,5.5,0,21,2,59501,0,94.5,411
59644,0,45,165,730, False,7.5,0,2,2,59651,0,104.1862488,404
59854,0,31,165,730, False,-6.5,0,-14,2,59801,0,109.3955612,384
60055,0,46,165,730, False,8.5,0,15,2,60081,0,120.6086044,411
60256,0,24,165,2550, False,-13.5,0,-22,2,60242,0,126.6390381,420
60459,0,56,165,1670, False,18.5,0,32,2,60531,0,90,403
60659,0,45,165,1611, False,7.5,0,-11,2,60682,0,99.22499847,412
60859,0,15,165,2253, False,-22.5,0,-30,2,60813,0,104.1862488,425
61059,0,58,165,1565, False,20.5,0,43,2,61122,0,109.3955612,427
61267,0,37,165,1339, False,-0.5,0,-21,2,61255,0,120.6086044,439
61474,0,41,165,1345, False,3.5,0,4,2,61531,0,132.970993,439
61675,0,64,165,1330, False,26.5,26.5,23,2,61666,0,139.6195374,443
61878,0,70,165,2550, False,32.5,59,6,2,61954,0,146.6005096,447
62078,0,71,165,1963, False,33.5,92.5,1,2,62111,0,161.6270752,431
62278,0,66,165,1372, False,28.5,121,-5,2,62258,0,165,420
62478,0,66,90,2550, False,28.5,149.5,0,2,62422,0,165,425
62681,0,70,90,2550, False,32.5,182,4,2,62693,0,165,391
62884,0,34,90,2550, False,-3.5,0,-36,2,62847,0,165,397
63085,0,36,94.5,2550, False,-1.5,0,2,2,63005,0,165,392
63285,0,63,99.225,2550, False,25.5,0,27,2,63321,0,165,393
63486,0,39,104.18625,2550, False,1.5,0,-24,2,63473,0,165,355
63693,0,54,109.3955625,2550, False,16.5,16.5,15,2,63631,0,165,338
63894,0,59,114.8653406,2550, False,21.5,38,5,2,63904,0,165,321
64098,0,59,120.6086077,2550, False,21.5,59.5,0,2,64170,0,90,353
64304,0,59,126.639038,2550, False,21.5,81,0,2,64334,0,94.5,340
64505,0,55,132.9709899,2550, False,17.5,98.5,-4,2,64474,0,104.1862488,410
64715,0,53,139.6195394,2550, False,15.5,114,-2,2,64781,0,109.3955612,380
64918,0,57,90,792, False,19.5,133.5,4,2,64913,0,120.6086044,364
65118,0,58,90,803, False,20.5,154,1,2,65073,0,126.6390381,392
65319,0,8,90,692, False,-29.5,0,-50,2,65371,0,139.6195374,410
65522,0,55,94.5,2550, False,17.5,0,47,2,65501,0,146.6005096,376
65725,0,58,99.225,2550, False,20.5,20.5,3,2,65791,0,153.930542,437
65925,0,57,104.18625,722, False,19.5,40,-1,2,65942,0,165,366
66126,0,54,109.3955625,740, False,16.5,56.5,-3,2,66103,0,165,347
66334,0,50,114.8653406,2550, False,12.5,69,-4,2,66261,0,165,411
66535,0,37,120.6086077,774, False,-0.5,0,-13,2,66553,0,165,326
66735,0,48,126.639038,774, False,10.5,0,11,2,66714,0,90,326
66938,0,42,132.9709899,744, False,4.5,0,-6,2,66991,0,94.5,329
67144,0,54,139.6195394,754, False,16.5,16.5,12,2,67151,0,90,357
67345,0,17,146.6005164,786, False,-20.5,0,-37,2,67274,0,94.5,353
67546,0,51,153.9305422,736, False,13.5,0,34,2,67570,0,104.1862488,412
67746,0,51,161.6270693,730, False,13.5,13.5,0,2,67703,0,109.3955612,411
67957,0,30,165,855, False,-7.5,0,-21,2,67985,0,120.6086044,382
68157,0,47,165,698, False,9.5,0,17,2,68125,0,126.6390381,428
68363,0,37,165,705, False,-0.5,0,-10,2,68283,0,132.970993,416
68569,0,33,165,720, False,-4.5,0,-4,2,68604,0,139.6195374,473
68773,0,42,165,722, False,4.5,0,9,2,68785,0,146.6005096,473
68978,0,32,165,722, False,-5.5,0,-10,2,68941,0,161.6270752,1288
69178,0,45,165,722, False,7.5,0,13,2,69094,0,165,1288
69383,0,37,165,685, False,-0.5,0,-8,2,69381,0,165,1201
69588,0,28,165,685, False,-9.5,0,-9,2,69514,0,90,1183
69789,0,53,165,697, False,15.5,0,25,2,69813,0,90,1171
69994,0,24,165,654, False,-13.5,0,-29,2,69982,0,90,1152
70197,0,52,165,742, False,14.5,0,28,2,70251,0,90,1152
70397,0,27,165,670, False,-10.5,0,-25,2,70393,0,90,427
70598,0,39,165,644, False,1.5,0,12,2,70553,0,90,399
70808,0,50,165,681, False,12.5,12.5,11,2,70860,0,90,416
71016,0,22,165,626, False,-15.5,0,-28,2,71001,0,99.22499847,416
71225,0,46,165,519, False,8.5,0,24,2,71292,0,104.1862488,424
71429,0,43,165,510, False,5.5,0,-3,2,71421,0,90,469
71634,0,26,165,492, False,-11.5,0,-17,2,71576,0,94.5,469
71836,0,49,165,483, False,11.5,0,23,2,71871,0,90,184
72043,0,39,165,475, False,1.5,0,-10,2,72015,0,90,185
72254,0,35,165,510, False,-2.5,0,-4,2,72291,0,90,166
72454,0,40,165,481, False,2.5,0,5,2,72442,0,90,162
72661,0,34,165,474, False,-3.5,0,-6,2,72583,0,90,166
72864,0,44,165,474, False,6.5,0,10,2,72869,0,0,174
73075,0,24,165,474, False,-13.5,0,-20,2,73018,0,0,184
73276,0,42,165,357, False,4.5,0,18,2,73275,0,0,220
73476,0,60,165,916, False,22.5,22.5,18,2,73421,0,0,321
73677,0,65,165,885, False,27.5,50,5,2,73722,0,90,225
73877,0,69,165,894, False,31.5,81.5,4,2,73881,0,90,212
74077,0,67,165,864, False,29.5,111,-2,2,74023,0,90,213
74284,0,62,90,321, False,24.5,135.5,-5,2,74314,0,90,217
74484,0,65,90,794, False,27.5,163,3,2,74456,0,90,221
74698,0,66,90,330, False,28.5,191.5,1,2,74732,0,0,233
74904,0,28,90,326, False,-9.5,0,-38,2,74882,0,0,271
75114,0,51,90,191, False,13.5,0,23,2,75191,0,0,321
75314,0,37,94.5,1281, False,-0.5,0,-14,2,75345,0,90,321
75515,0,47,99.225,878, False,9.5,0,10,2,75494,0,90,326
75726,0,44,90,241, False,6.5,0,-3,2,75780,0,90,259
75927,0,49,90,213, False,11.5,11.5,5,2,75914,0,90,271
76128,0,53,94.5,1611, False,15.5,27,4,2,76063,0,90,281
76328,0,56,99.225,826, False,18.5,45.5,3,2,76346,0,90,294
76534,0,55,104.18625,778, False,17.5,63,-1,2,76501,0,90,326
76738,0,57,109.3955625,804, False,19.5,82.5,2,2,76793,0,90,326
76938,0,60,90,209, False,22.5,105,3,2,76924,0,94.5,340
77138,0,49,90,2550, False,11.5,116.5,-11,2,77083,0,99.22499847,345
77338,0,31,90,198, False,-6.5,0,-18,2,77381,0,109.3955612,348
77541,0,59,94.5,326, False,21.5,0,28,2,77521,0,114.8653412,349
77744,0,61,99.225,2550, False,23.5,23.5,2,2,77676,0,120.6086044,338
77944,0,64,104.18625,2550, False,26.5,50,3,2,77961,0,132.970993,330
78145,0,64,109.3955625,2550, False,26.5,76.5,0,2,78114,0,90,330
78354,0,63,90,185, False,25.5,102,-1,2,78382,0,90,329
78554,0,40,90,203, False,2.5,0,-23,2,78514,0,94.5,334
78761,0,49,90,166, False,11.5,11.5,9,2,78671,0,99.22499847,353
78967,0,39,90,175, False,1.5,0,-10,2,78962,0,109.3955612,401
79173,0,42,90,205, True,1.5,0,-10,2,79115,0,114.8653412,412
79376,0,51,90,213, True,1.5,0,-10,2,79403,0,126.6390381,460
79576,0,52,90,241, True,1.5,0,-10,2,79543,0,132.970993,847
79780,0,52,90,263, True,1.5,0,-10,2,79831,0,139.6195374,847
79991,0,52,94.5,308, False,14.5,14.5,13,2,80001,0,153.930542,835
80194,0,51,99.225,326, False,13.5,28,-1,2,80143,0,161.6270752,796
80395,0,44,104.18625,365, False,6.5,0,-7,2,80428,0,165,772
80595,0,45,109.3955625,345, False,7.5,0,1,2,80561,0,165,764
80808,0,42,114.8653406,347, False,4.5,0,-3,2,80852,0,165,788
81008,0,42,120.6086077,389, False,4.5,0,0,2,80982,0,165,750
81209,0,39,126.639038,395, False,1.5,0,-3,2,81268,0,165,788
81413,0,37,132.9709899,380, False,-0.5,0,-2,2,81402,0,165,762
81619,0,40,139.6195394,446, False,2.5,0,3,2,81696,0,165,861
81831,0,38,146.6005164,428, False,0.5,0,-2,2,81861,0,165,748
82038,0,36,153.9305422,330, False,-1.5,0,-2,2,82004,0,165,748
82238,0,38,161.6270693,408, False,0.5,0,2,2,82276,0,165,2550
82444,0,38,165,403, False,0.5,0,0,2,82415,0,165,921
82645,0,41,165,397, False,3.5,0,3,2,82690,0,165,921
82846,0,37,165,397, False,-0.5,0,-4,2,82861,0,165,2550
83047,0,38,165,411, False,0.5,0,1,2,82992,0,165,872
83248,0,47,165,397, False,9.5,0,9,2,83261,0,165,762
83448,0,28,165,393, False,-9.5,0,-19,2,83413,0,165,978
83655,0,47,165,384, False,9.5,0,19,2,83670,0,165,947
83856,0,47,165,389, False,9.5,0,0,2,83801,0,165,894
84057,0,30,165,392, False,-7.5,0,-17,2,84076,0,165,887
84258,0,44,165,376, False,6.5,0,14,2,84213,0,165,856
84458,0,46,165,384, False,8.5,0,2,2,84501,0,165,1551
84658,0,26,165,424, False,-11.5,0,-20,2,84631,0,165,1507
84864,0,49,165,532, False,11.5,0,23,2,84911,0,165,1127
85065,0,34,165,389, False,-3.5,0,-15,2,85065,0,165,1119
85266,0,36,165,401, False,-1.5,0,2,2,85231,0,90,1054
85474,0,38,165,428, False,0.5,0,2,2,85521,0,90,1024
85674,0,53,165,348, False,15.5,15.5,15,2,85672,0,90,1012
85875,0,10,165,348, False,-27.5,0,-43,2,85942,0,90,1028
86076,0,49,165,365, False,11.5,0,39,2,86075,0,94.5,2550
86285,0,34,165,326, False,-3.5,0,-15,2,86235,0,99.22499847,2550
86492,0,29,90,297, False,-8.5,0,-5,2,86535,0,104.1862488,2550
86705,0,47,94.5,326, False,9.5,0,18,2,86663,0,90,2550
86907,0,32,99.225,326, False,-5.5,0,-15,2,86961,0,99.22499847,2550
87108,0,30,104.18625,321, False,-7.5,0,-2,2,87111,0,104.1862488,2550
87308,0,47,109.3955625,326, False,9.5,0,17,2,87263,0,109.3955612,901
87508,0,57,114.8653406,326, False,19.5,19.5,10,2,87523,0,90,762
87708,0,48,120.6086077,326, False,10.5,30,-9,2,87651,0,90,762
87908,0,52,126.639038,326, False,14.5,44.5,4,2,87953,0,94.5,762
88114,0,55,132.9709899,328, False,17.5,62,3,2,88095,0,104.1862488,757
88326,0,55,139.6195394,326, False,17.5,79.5,0,2,88391,0,109.3955612,757
88527,0,60,146.6005164,326, False,22.5,102,5,2,88523,0,120.6086044,764
88728,0,65,90,138, False,27.5,129.5,5,2,88661,0,90,764
88928,0,67,90,137, False,29.5,159,2,2,88945,0,90,750
89128,0,69,90,149, False,31.5,190.5,2,2,89073,0,90,750
89337,0,44,90,149, False,6.5,0,-25,2,89242,0,90,740
89544,0,24,90,162, True,6.5,0,-25,2,89530,0,99.22499847,754
89753,0,54,90,164, True,6.5,0,-25,2,89672,0,104.1862488,772
89964,0,55,90,166, True,6.5,0,-25,2,89951,0,114.8653412,730
90167,0,55,90,185, True,6.5,0,-25,2,90253,0,120.6086044,728
90369,0,54,90,233, True,6.5,0,-25,2,90381,0,132.970993,728
90572,0,54,90,229, True,6.5,0,-25,2,90654,0,139.6195374,740
90779,0,54,94.5,326, False,16.5,16.5,10,2,90812,0,153.930542,721
90983,0,51,99.225,326, False,13.5,30,-3,2,90956,0,161.6270752,710
91199,0,47,90,259, False,9.5,0,-4,2,91111,0,165,661
91401,0,62,94.5,326, False,24.5,24.5,15,2,91393,0,165,680
91604,0,55,99.225,326, False,17.5,42,-7,2,91541,0,165,680
91805,0,56,104.18625,321, False,18.5,60.5,1,2,91832,0,165,609
92005,0,56,109.3955625,326, False,18.5,79,0,2,91981,0,165,598
92217,0,57,114.8653406,321, False,19.5,98.5,1,2,92275,0,165,618
92424,0,56,90,247, False,18.5,117,-1,2,92421,0,165,597
92627,0,38,90,237, False,0.5,0,-18,2,92692,0,165,562
92828,0,68,90,233, False,30.5,30.5,30,2,92841,0,165,555
93034,0,71,90,228, False,33.5,64,3,2,92981,0,165,565
93246,0,31,90,229, True,33.5,64,3,2,93251,0,165,603
93447,0,23,90,229, True,33.5,64,3,2,93380,0,165,618
93655,0,30,90,271, True,33.5,64,3,2,93684,0,165,483
93855,0,30,94.5,303, False,-7.5,0,-41,2,93817,0,165,525
94058,0,57,99.225,321, False,19.5,0,27,2,94112,0,165,525
94258,0,56,104.18625,383, False,18.5,18.5,-1,2,94254,0,165,456
94459,0,58,109.3955625,321, False,20.5,39,2,2,94400,0,165,420
94661,0,59,114.8653406,326, False,21.5,60.5,1,2,94704,0,165,460
94863,0,60,120.6086077,326, False,22.5,83,1,2,94854,0,165,397
95069,0,59,90,255, False,21.5,104.5,-1,2,95145,0,165,397
95273,0,31,90,259, False,-6.5,0,-28,2,95315,0,165,357
95475,0,30,90,259, False,-7.5,0,-1,2,95456,0,165,403
95676,0,43,90,273, False,5.5,0,13,2,95632,0,165,340
95877,0,18,94.5,322, False,-19.5,0,-25,2,95938,0,165,326
96091,0,55,99.225,385, False,17.5,0,37,2,96102,0,94.5,334
96294,0,50,104.18625,483, False,12.5,12.5,-5,2,96255,0,90,340
96495,0,16,109.3955625,1278, False,-21.5,0,-34,2,96421,0,94.5,429
96704,0,50,114.8653406,812, False,12.5,0,34,2,96605,0,99.22499847,1495
96914,0,37,120.6086077,917, False,-0.5,0,-13,2,96961,0,104.1862488,2550
97123,0,30,126.639038,831, False,-7.5,0,-7,2,97110,0,114.8653412,321
97324,0,40,132.9709899,923, False,2.5,0,10,2,97256,0,90,372
97526,0,30,139.6195394,831, False,-7.5,0,-10,2,97415,0,94.5,376
97726,0,45,146.6005164,2550, False,7.5,0,15,2,97585,0,99.22499847,376
97934,0,32,153.9305422,786, False,-5.5,0,-13,2,97826,0,104.1862488,372
98136,0,41,161.6270693,756, False,3.5,0,9,2,98034,0,109.3955612,2550
98337,0,34,165,758, False,-3.5,0,-7,2,98210,0,114.8653412,2550
98538,0,41,165,756, False,3.5,0,7,2,98571,0,90,376
98738,0,33,165,756, False,-4.5,0,-8,2,98771,0,94.5,380
98946,0,39,165,742, False,1.5,0,6,2,98955,0,99.22499847,399
99147,0,44,165,742, False,6.5,0,5,2,99111,0,104.1862488,384
99358,0,30,165,742, False,-7.5,0,-14,2,99268,0,109.3955612,338
99558,0,43,165,677, False,5.5,0,13,2,99586,0,114.8653412,416
99759,0,30,165,668, False,-7.5,0,-13,2,99755,0,126.6390381,2550
99960,0,51,165,668, False,13.5,0,21,2,99901,0,132.970993,2550
100167,0,22,165,653, False,-15.5,0,-29,2,100193,0,90,2550
100374,0,52,165,706, False,14.5,0,30,2,100341,0,90,2550
100585,0,33,165,706, False,-4.5,0,-19,2,100622,0,90,403
100788,0,33,165,706, False,-4.5,0,0,2,100765,0,90,380
100988,0,36,165,706, False,-1.5,0,3,2,100914,0,94.5,399
101199,0,46,165,706, False,8.5,0,10,2,101213,0,104.1862488,408
101403,0,25,165,706, False,-12.5,0,-21,2,101376,0,109.3955612,425
101614,0,52,165,706, False,14.5,0,27,2,101671,0,114.8653412,366
101814,0,30,165,706, False,-7.5,0,-22,2,101821,0,90,384
102024,0,48,165,2550, False,10.5,0,18,2,101979,0,90,401
102224,0,30,165,2550, False,-7.5,0,-18,2,102275,0,94.5,384
102436,0,53,165,1529, False,15.5,0,23,2,102433,0,104.1862488,401
102637,0,58,165,1503, False,20.5,20.5,5,2,102632,0,109.3955612,410
102837,0,61,165,1452, False,23.5,44,3,2,102805,0,114.8653412,420
103037,0,59,165,2000, False,21.5,65.5,-2,2,102982,0,120.6086044,448
103254,0,58,165,2550, False,20.5,86,-1,2,103306,0,126.6390381,447
103455,0,61,165,2550, False,23.5,109.5,3,2,103448,0,139.6195374,399
103656,0,68,90,2550, False,30.5,140,7,2,103604,0,146.6005096,456
103857,0,63,90,2550, False,25.5,165.5,-5,2,103903,0,153.930542,403
104057,0,67,90,2550, False,29.5,195,4,2,104066,0,165,393
104258,0,68,90,2550, False,30.5,225.5,1,2,104288,0,165,412
104459,0,40,90,2550, False,2.5,0,-28,2,104471,0,165,408
104674,0,6,94.5,546, False,-31.5,0,-34,2,104643,0,165,355
104875,0,56,99.225,546, False,18.5,0,50,2,104942,0,165,336
105075,0,64,104.18625,2550, False,26.5,26.5,8,2,105072,0,90,321
105276,0,25,109.3955625,2550, False,-12.5,0,-39,2,105214,0,90,321
105476,0,65,114.8653406,2550, False,27.5,0,40,2,105515,0,94.5,321
105676,0,69,120.6086077,2550, False,31.5,31.5,4,2,105664,0,90,321
105876,0,71,126.639038,2550, False,33.5,65,2,2,105821,0,90,321
106077,0,68,132.9709899,546, False,30.5,95.5,-3,2,106111,0,94.5,321
106277,0,57,139.6195394,532, False,19.5,115,-11,2,106245,0,94.5,321
106477,0,59,90,518, False,21.5,136.5,2,2,106543,0,90,326
106678,0,69,90,516, False,31.5,168,10,2,106675,0,90,326
106885,0,5,90,496, False,-32.5,0,-64,2,106811,0,90,326
107086,0,5,94.5,622, False,-32.5,-32.5,0,2,107110,0,94.5,321
107287,0,57,99.225,496, False,19.5,0,52,2,107270,0,90,347
107492,0,59,104.18625,519, False,21.5,21.5,2,2,107532,0,90,321
107695,0,31,109.3955625,490, False,-6.5,0,-28,2,107664,0,90,321
107896,0,56,114.8653406,518, False,18.5,0,25,2,107961,0,90,326
108097,0,59,120.6086077,483, False,21.5,21.5,3,2,108111,0,94.5,326
108297,0,16,126.639038,473, False,-21.5,0,-43,2,108256,0,90,321
108498,0,52,132.9709899,483, False,14.5,0,36,2,108522,0,90,321
108698,0,57,139.6195394,492, False,19.5,19.5,5,2,108660,0,90,326
108899,0,38,146.6005164,474, False,0.5,0,-19,2,108821,0,90,338
109099,0,43,153.9305422,435, False,5.5,0,5,2,109131,0,90,340
109303,0,47,161.6270693,418, False,9.5,0,4,2,109261,0,94.5,340
109504,0,32,165,447, False,-5.5,0,-15,2,109535,0,99.22499847,326
109714,0,54,165,410, False,16.5,0,22,2,109678,0,90,340
109914,0,32,165,424, False,-5.5,0,-22,2,109953,0,94.5,326
110114,0,37,165,406, False,-0.5,0,5,2,110082,0,90,321
110316,0,40,165,370, False,2.5,0,3,2,110376,0,90,324
110516,0,33,165,348, False,-4.5,0,-7,2,110521,0,90,324
110720,0,38,165,336, False,0.5,0,5,2,110652,0,90,328
110928,0,49,165,321, False,11.5,11.5,11,2,110938,0,94.5,380
111133,0,31,165,321, False,-6.5,0,-18,2,111074,0,99.22499847,329
111335,0,39,90,296, False,1.5,0,8,2,111373,0,94.5,412
111538,0,51,90,289, False,13.5,13.5,12,2,111505,0,99.22499847,385
111744,0,16,94.5,321, False,-21.5,0,-35,2,111663,0,104.1862488,345
111954,0,46,99.225,326, False,8.5,0,30,2,111948,0,114.8653412,349
112167,0,46,104.18625,372, False,8.5,0,0,2,112113,0,120.6086044,410
112376,0,21,109.3955625,321, False,-16.5,0,-25,2,112391,0,132.970993,329
112578,0,54,90,298, False,16.5,0,33,2,112542,0,90,330
112784,0,39,94.5,304, False,1.5,0,-15,2,112686,0,90,336
113004,0,20,99.225,326, False,-17.5,0,-19,2,112985,0,99.22499847,917
113211,0,52,104.18625,320, False,14.5,0,32,2,113132,0,104.1862488,1297
113415,0,43,109.3955625,326, False,5.5,0,-9,2,113433,0,114.8653412,1295
113616,0,18,114.8653406,321, False,-19.5,0,-25,2,113592,0,90,1718
113820,0,55,120.6086077,321, False,17.5,0,37,2,113902,0,90,1875
114026,0,59,126.639038,329, False,21.5,21.5,4,2,114036,0,90,1875
114226,0,9,132.9709899,326, False,-28.5,0,-50,2,114215,0,99.22499847,420
114426,0,52,90,296, False,14.5,0,43,2,114373,0,104.1862488,2550
114626,0,48,90,282, False,10.5,10.5,-4,2,114673,0,114.8653412,2550
114834,0,18,90,294, False,-19.5,0,-30,2,114805,0,120.6086044,2550
115035,0,55,94.5,326, False,17.5,0,37,2,115091,0,90,411
115236,0,57,99.225,320, False,19.5,19.5,2,2,115221,0,90,385
115444,0,10,90,289, False,-27.5,0,-47,2,115386,0,90,364
115645,0,61,94.5,322, False,23.5,0,51,2,115666,0,99.22499847,401
115849,0,58,99.225,374, False,20.5,20.5,-3,2,115803,0,104.1862488,401
116049,0,5,104.18625,303, False,-32.5,0,-53,2,116113,0,114.8653412,1520
116260,0,57,109.3955625,321, False,19.5,0,52,2,116244,0,120.6086044,392
116464,0,66,114.8653406,326, False,28.5,28.5,9,2,116531,0,126.6390381,383
116668,0,5,120.6086077,2550, False,-32.5,0,-61,2,116675,0,139.6195374,376
116876,0,64,126.639038,2550, False,26.5,0,59,2,116810,0,146.6005096,334
117094,0,65,132.9709899,1309, False,27.5,27.5,1,2,117103,0,90,326
117298,0,68,139.6195394,925, False,30.5,58,3,2,117231,0,90,328
117498,0,70,146.6005164,2550, False,32.5,90.5,2,2,117531,0,90,326
117699,0,67,153.9305422,2550, False,29.5,120,-3,2,117668,0,90,321
117899,0,64,90,353, False,26.5,146.5,-3,2,117804,0,90,302
118104,0,67,90,326, False,29.5,176,3,2,118101,0,90,326
118305,0,27,90,321, False,-10.5,0,-40,2,118234,0,90,259
118506,0,62,94.5,345, False,24.5,0,35,2,118552,0,90,199
118706,0,64,90,326, False,26.5,26.5,2,2,118691,1,90,195
118916,0,37,90,347, False,-0.5,0,-27,2,118975,1,90,227
119124,0,10,90,321, False,-27.5,-27.5,-27,2,119111,1,90,217
119329,0,5,90,336, False,-32.5,-60,-5,2,119401,1,90,251
119529,1,5,90,340, False,-32.5,-92.5,0,2,119555,1,90,220
119733,1,4,90,326, False,-33.5,-126,-1,2,119711,1,90,321
119936,1,4,90,326, False,-33.5,-159.5,0,2,119991,1,90,321
120143,1,5,90,326, False,-32.5,-192,1,2,120140,1,90,326
120354,1,5,90,321, False,-32.5,-224.5,0,2,120420,1,90,326
120554,1,4,90,321, False,-33.5,-258,-1,2,120565,1,90,326
120755,1,4,90,326, False,-33.5,-291.5,0,2,120693,1,90,349
120955,1,5,90,321, False,-32.5,-324,1,2,120975,1,90,2550
121164,1,4,90,321, False,-33.5,-357.5,-1,2,121111,1,90,2550
121366,1,7,90,326, False,-30.5,-388,3,2,121428,1,90,326
121567,1,4,90,321, False,-33.5,-421.5,-3,2,121565,1,90,2550
121767,1,4,90,321, False,-33.5,-455,0,2,121724,1,90,2550
121967,1,4,90,289, False,-33.5,-488.5,0,2,122021,1,90,835
122169,1,4,90,280, False,-33.5,-522,0,2,122176,1,90,2550
122374,1,4,90,288, False,-33.5,-555.5,0,2,122432,1,90,2550
122576,1,4,90,286, False,-33.5,-589,0,2,122576,1,90,2550
122776,1,4,90,326, False,-33.5,-622.5,0,2,122721,2,94.5,2550
122977,1,5,90,243, False,-32.5,-655,1,2,123016,2,104.1862488,2550
123177,1,5,90,228, False,-32.5,-687.5,0,2,123151,2,109.3955612,1255
123377,1,4,90,243, False,-33.5,-721,-1,2,123461,2,90,2550
123578,1,5,90,219, False,-32.5,-753.5,1,2,123591,2,90,229
123784,1,4,90,328, False,-33.5,-787,-1,2,123862,2,90,324
123984,1,5,90,243, False,-32.5,-819.5,1,2,123994,2,90,174
124184,1,6,90,241, False,-31.5,-851,1,2,124151,2,90,156
124388,1,4,90,235, False,-33.5,-884.5,-2,2,124444,2,90,156
124603,1,4,90,247, False,-33.5,-918,0,2,124601,2,90,185
124805,1,4,90,235, False,-33.5,-951.5,0,2,124753,2,90,326
125005,1,5,90,326, False,-32.5,-984,1,2,125050,2,94.5,2550
125214,1,5,90,326, False,-32.5,-1016.5,0,2,125186,2,90,326
125420,1,5,90,2550, False,-32.5,-1049,0,2,125448,2,90,336
125623,1,10,90,2550, False,-27.5,-1076.5,5,2,125601,2,90,205
125823,1,61,94.5,2550, False,23.5,0,51,2,125763,2,90,198
126038,1,59,99.225,2550, False,21.5,21.5,-2,2,126061,2,90,156
126239,1,59,104.18625,2550, False,21.5,43,0,2,126216,2,90,149
126444,1,61,109.3955625,2550, False,23.5,66.5,2,2,126482,2,90,2550
126645,2,65,114.8653406,2550, False,27.5,94,4,2,126620,2,94.5,174
126846,2,67,120.6086077,2488, False,29.5,123.5,2,2,126881,2,90,199
127063,2,65,90,326, False,27.5,151,-2,2,127022,2,90,199
127276,2,61,90,217, False,23.5,174.5,-4,2,127331,2,90,175
127476,2,59,90,236, False,21.5,196,-2,2,127464,2,90,145
127676,2,63,90,209, False,25.5,221.5,4,2,127632,2,90,154
127884,2,65,90,198, False,27.5,249,2,2,127901,2,0,128
128085,2,65,90,225, True,27.5,249,2,2,128054,2,0,175
128289,2,11,90,326, False,-26.5,0,-54,2,128211,2,0,206
128494,2,5,94.5,326, False,-32.5,-32.5,-6,2,128504,2,0,213
128704,2,5,90,185, False,-32.5,-65,0,2,128645,2,0,204
128905,2,5,90,173, False,-32.5,-97.5,0,2,128908,2,0,326
129109,2,22,90,128, False,-15.5,-113,17,2,129055,2,90,263
129312,2,33,90,122, False,-4.5,0,11,2,129351,2,90,249
129514,2,12,90,118, True,-4.5,0,11,2,129503,2,90,235
129715,2,4,90,122, True,-4.5,0,11,2,129664,2,90,273
129917,2,4,90,158, True,-4.5,0,11,2,129982,2,90,242
130121,2,4,90,143, True,-4.5,0,11,2,130120,2,90,273
130323,2,4,90,195, True,-4.5,0,11,2,130291,2,90,234
130526,2,4,90,189, True,-4.5,0,11,2,130584,2,90,326
130726,2,4,90,191, True,-4.5,0,11,2,130732,2,90,267
130927,2,4,90,235, True,-4.5,0,11,2,130884,2,90,243
131131,2,4,90,255, True,-4.5,0,11,2,131187,2,90,251
131332,2,4,94.5,326, False,-33.5,-33.5,-29,2,131331,2,90,336
131534,2,5,99.225,321, False,-32.5,-66,1,2,131470,2,94.5,326
131749,2,38,104.18625,326, False,0.5,0,33,2,131786,2,90,326
131952,2,14,109.3955625,321, False,-23.5,0,-24,2,131921,2,90,326
132155,2,19,90,290, False,-18.5,-18.5,5,2,132205,2,90,326
132359,2,53,90,273, False,15.5,0,34,2,132355,2,94.5,326
132563,2,13,94.5,326, False,-24.5,0,-40,2,132502,2,90,326
132766,2,13,90,267, False,-24.5,-24.5,0,2,132782,2,90,1334
132967,2,51,90,297, False,13.5,0,38,2,132931,2,94.5,1330
133167,2,27,90,267, False,-10.5,0,-24,2,133094,2,99.22499847,1330
133368,2,34,94.5,326, False,-3.5,0,7,2,133394,2,109.3955612,1288
133568,2,43,99.225,326, False,5.5,0,9,2,133540,2,90,1262
133770,2,33,104.18625,326, False,-4.5,0,-10,2,133823,2,90,1246
133976,2,37,109.3955625,326, False,-0.5,0,4,2,133969,2,90,1274
134177,2,42,90,278, False,4.5,0,5,2,134105,2,90,1777
134377,2,38,90,271, False,0.5,0,-4,2,134401,2,90,321
134577,2,44,90,297, False,6.5,0,6,2,134551,2,90,263
134778,2,28,90,282, False,-9.5,0,-16,2,134820,2,94.5,259
134978,2,42,94.5,326, False,4.5,0,14,2,134955,2,90,288
135178,2,40,99.225,322, False,2.5,0,-2,2,135252,2,90,326
135378,2,37,104.18625,326, False,-0.5,0,-3,2,135385,2,90,289
135578,2,38,90,259, False,0.5,0,1,2,135543,2,90,326
135779,2,39,90,259, False,1.5,0,1,2,135825,2,90,297
135983,2,42,94.5,1434, False,4.5,0,3,2,135971,2,90,349
136195,2,37,99.225,1405, False,-0.5,0,-5,2,136248,2,90,303
136395,2,38,104.18625,1389, False,0.5,0,1,2,136392,2,90,321
136595,2,28,109.3955625,1361, False,-9.5,0,-10,2,136552,2,90,321
136798,2,35,114.8653406,1349, False,-2.5,0,7,2,136851,2,90,321
136999,2,5,120.6086077,1341, False,-32.5,-32.5,-30,2,136981,2,90,321
137204,2,4,126.639038,1341, False,-33.5,-66,-1,2,137258,2,90,321
137406,2,5,132.9709899,1274, False,-32.5,-98.5,1,2,137393,2,90,326
137626,2,4,139.6195394,1254, False,-33.5,-132,-1,2,137671,2,90,303
137834,2,4,90,1237, False,-33.5,-165.5,0,2,137811,2,90,340
138034,2,4,90,1791, False,-33.5,-199,0,2,137954,2,94.5,321
138236,2,4,90,1748, False,-33.5,-232.5,0,2,138270,2,90,321
138438,2,11,90,326, False,-26.5,-259,7,2,138405,2,90,326
138642,2,4,90,273, False,-33.5,-292.5,-7,2,138681,2,94.5,338
138844,2,34,90,227, False,-3.5,0,30,2,138841,2,99.22499847,321
139044,2,52,90,243, False,14.5,0,18,2,138981,2,90,348
139245,2,5,90,271, False,-32.5,0,-47,2,139256,2,99.22499847,372
139446,2,5,90,221, True,-32.5,0,-47,2,139415,2,104.1862488,338
139647,2,52,90,241, True,-32.5,0,-47,2,139691,2,114.8653412,408
139848,2,53,90,273, True,-32.5,0,-47,2,139852,2,120.6086044,326
140051,2,53,90,288, True,-32.5,0,-47,2,139983,2,90,370
140253,2,53,94.5,303, False,15.5,0,48,2,140258,2,99.22499847,365
140454,2,16,99.225,321, False,-21.5,0,-37,2,140415,2,104.1862488,406
140684,2,9,104.18625,329, False,-28.5,-28.5,-7,2,140728,2,114.8653412,427
140889,2,47,109.3955625,345, False,9.5,0,38,2,140870,2,120.6086044,437
141108,2,23,114.8653406,326, False,-14.5,0,-24,2,141144,2,132.970993,397
141313,2,26,120.6086077,338, False,-11.5,-11.5,3,2,141293,2,139.6195374,403
141524,2,52,126.639038,345, False,14.5,0,26,2,141573,2,146.6005096,435
141727,2,17,132.9709899,372, False,-20.5,0,-35,2,141725,2,161.6270752,416
141927,2,24,139.6195394,475, False,-13.5,-13.5,7,2,141885,2,165,389
142128,2,56,146.6005164,391, False,18.5,0,32,2,142164,2,165,454
142329,2,19,153.9305422,353, False,-18.5,0,-37,2,142306,2,165,416
142531,2,13,161.6270693,411, False,-24.5,-24.5,-6,2,142455,2,165,401
142735,2,63,165,412, False,25.5,0,50,2,142733,2,165,357
142945,2,21,165,357, False,-16.5,0,-42,2,143001,2,165,364
143154,2,16,165,397, False,-21.5,-21.5,-5,2,143153,2,165,353
143355,2,60,165,397, False,22.5,0,44,2,143281,2,165,362
143557,2,44,165,416, False,6.5,0,-16,2,143576,2,165,338
143758,2,9,165,392, False,-28.5,0,-35,2,143731,2,165,326
143958,2,71,165,355, False,33.5,0,62,2,144028,2,90,357
144161,2,62,165,345, False,24.5,24.5,-9,2,144161,2,90,347
144364,2,5,165,321, False,-32.5,0,-57,2,144315,2,94.5,347
144569,2,9,165,326, False,-28.5,-28.5,4,2,144615,2,90,1680
144774,2,61,165,326, False,23.5,0,52,2,144761,2,94.5,2550
144986,2,21,90,286, False,-16.5,0,-40,2,144912,2,99.22499847,1458
145187,2,14,94.5,410, False,-23.5,-23.5,-7,2,145211,2,109.3955612,1119
145396,2,70,90,289, False,32.5,0,56,2,145345,2,114.8653412,2550
145598,2,24,94.5,326, False,-13.5,0,-46,2,145646,2,126.6390381,2550
145798,2,11,99.225,326, False,-26.5,-26.5,-13,2,145801,2,132.970993,2550
145998,2,68,104.18625,321, False,30.5,0,57,2,145931,2,139.6195374,2550
146205,2,27,109.3955625,303, False,-10.5,0,-41,2,146220,2,90,1071
146406,2,5,114.8653406,320, False,-32.5,-32.5,-22,2,146373,2,90,1054
146613,2,68,120.6086077,326, False,30.5,0,63,2,146532,2,90,1038
146814,2,52,126.639038,304, False,14.5,14.5,-16,2,146841,2,90,2550
147019,2,14,132.9709899,321, False,-23.5,0,-38,2,146983,2,90,2320
147223,2,66,139.6195394,326, False,28.5,0,52,2,147255,2,90,385
147426,2,33,90,281, False,-4.5,0,-33,2,147403,2,90,334
147627,2,15,90,266, False,-22.5,-22.5,-18,2,147685,2,94.5,345
147828,2,62,90,247, False,24.5,0,47,2,147835,2,99.22499847,353
148028,2,46,90,265, False,8.5,0,-16,2,147980,2,109.3955612,355
148245,2,37,94.5,330, False,-0.5,0,-9,2,148260,2,120.6086044,365
148447,2,54,99.225,2550, False,16.5,0,17,2,148391,2,126.6390381,385
148663,2,17,104.18625,1666, False,-20.5,0,-37,2,148693,2,139.6195374,366
148874,2,58,109.3955625,2550, False,20.5,0,41,2,148851,2,146.6005096,403
149079,2,27,114.8653406,2550, False,-10.5,0,-31,2,149131,2,161.6270752,389
149283,2,6,120.6086077,2550, False,-31.5,-31.5,-21,2,149254,2,165,349
149494,2,19,126.639038,2550, False,-18.5,-50,13,2,149525,2,165,337
149695,2,5,132.9709899,2550, False,-32.5,-82.5,-14,2,149665,2,165,364
149914,2,5,139.6195394,2550, False,-32.5,-115,0,2,149811,2,165,321
150125,2,4,90,1070, False,-33.5,-148.5,-1,2,150098,2,90,321
150333,2,4,90,1037, False,-33.5,-182,0,2,150390,2,90,365
150534,2,4,90,2550, False,-33.5,-215.5,0,2,150542,2,99.22499847,334
150736,2,16,90,2550, False,-21.5,-237,12,2,150693,2,104.1862488,345
150958,2,4,90,370, False,-33.5,-270.5,-12,2,150962,2,114.8653412,357
151158,2,37,90,357, False,-0.5,0,33,2,151124,2,120.6086044,385
151367,2,58,94.5,364, False,20.5,0,21,2,151411,2,126.6390381,355
151569,2,10,99.225,439, False,-27.5,0,-48,2,151592,2,139.6195374,374
151771,2,5,104.18625,393, False,-32.5,-32.5,-5,2,151716,2,146.6005096,384
151974,2,30,109.3955625,428, False,-7.5,0,25,2,151986,2,161.6270752,365
152184,2,9,114.8653406,439, False,-28.5,-28.5,-21,2,152121,2,165,348
152386,2,20,120.6086077,554, False,-17.5,-46,11,2,152446,2,165,374
152586,2,42,126.639038,429, False,4.5,0,22,2,152595,2,165,321
152805,2,12,132.9709899,429, False,-25.5,0,-30,2,152873,2,90,347
153006,2,22,139.6195394,418, False,-15.5,-15.5,10,2,153031,2,90,338
153219,2,57,146.6005164,427, False,19.5,0,35,2,153173,2,94.5,355
153419,2,11,153.9305422,404, False,-26.5,0,-46,2,153453,2,104.1862488,348
153625,2,20,161.6270693,411, False,-17.5,-17.5,9,2,153593,2,109.3955612,357
153830,2,59,165,384, False,21.5,0,39,2,153725,2,114.8653412,376
154034,2,21,165,401, False,-16.5,0,-38,2,153993,2,126.6390381,406
154235,2,29,165,361, False,-8.5,0,8,2,154281,2,132.970993,391
154448,2,52,165,340, False,14.5,0,23,2,154421,2,146.6005096,404
154654,2,23,165,361, False,-14.5,0,-29,2,154702,2,161.6270752,391
154855,2,48,165,357, False,10.5,0,25,2,154835,2,165,370
155084,2,29,165,348, False,-8.5,0,-19,2,155151,2,165,334
155304,2,52,165,389, False,14.5,0,23,2,155293,2,165,372
155508,2,21,165,567, False,-16.5,0,-31,2,155564,2,165,383
155708,2,43,165,349, False,5.5,0,22,2,155704,2,90,347
155916,2,46,165,376, False,8.5,0,3,2,156001,2,94.5,345
156125,2,29,165,320, False,-8.5,0,-17,2,156131,2,90,2550
156326,2,47,165,303, False,9.5,0,18,2,156391,2,94.5,2550
156534,2,37,90,279, False,-0.5,0,-10,2,156524,2,104.1862488,2550
156735,2,14,90,296, False,-23.5,-23.5,-23,2,156786,2,109.3955612,2550
156936,2,60,90,280, False,22.5,0,46,2,156923,2,120.6086044,2550
157144,2,55,94.5,326, False,17.5,17.5,-5,2,157191,2,126.6390381,2550
157345,2,20,99.225,320, False,-17.5,0,-35,2,157321,2,90,2000
157546,2,62,104.18625,320, False,24.5,0,42,2,157612,2,90,2550
157747,2,36,109.3955625,326, False,-1.5,0,-26,2,157742,2,90,2550
157948,2,22,114.8653406,321, False,-15.5,-15.5,-14,2,157911,2,90,2550
158156,2,62,120.6086077,304, False,24.5,0,40,2,158193,2,90,2550
158359,2,33,126.639038,321, False,-4.5,0,-29,2,158325,2,90,2550
158563,2,13,90,296, False,-24.5,-24.5,-20,2,158481,2,90,392
158764,2,60,94.5,321, False,22.5,0,47,2,158664,2,90,334
158970,2,36,99.225,326, False,-1.5,0,-24,2,159011,2,90,348
159177,2,16,104.18625,326, False,-21.5,-21.5,-20,2,159200,2,94.5,374
159378,2,59,90,251, False,21.5,0,43,2,159372,2,99.22499847,389
159586,2,34,94.5,326, False,-3.5,0,-25,2,159523,2,104.1862488,365
159787,2,28,99.225,2550, False,-9.5,0,-6,2,159694,2,109.3955612,397
159994,2,54,104.18625,2550, False,16.5,0,26,2,160005,2,120.6086044,355
160196,2,36,109.3955625,2550, False,-1.5,0,-18,2,160150,2,126.6390381,370
160397,2,24,114.8653406,2550, False,-13.5,-13.5,-12,2,160302,2,132.970993,355
160599,2,31,120.6086077,2550, False,-6.5,0,7,2,160584,2,146.6005096,357
160809,2,4,126.639038,2550, False,-33.5,-33.5,-27,2,160861,2,90,321
161015,2,5,132.9709899,2550, False,-32.5,-66,1,2,161012,2,90,321
161216,2,5,139.6195394,2550, False,-32.5,-98.5,0,2,161181,2,90,326
161420,2,4,146.6005164,2550, False,-33.5,-132,-1,2,161482,2,90,321
161627,2,5,90,2550, False,-32.5,-164.5,1,2,161635,2,94.5,340
161827,2,5,90,2550, False,-32.5,-197,0,2,161798,2,99.22499847,304
162034,2,5,90,2550, False,-32.5,-229.5,0,2,161941,2,90,321
162246,2,5,90,2550, False,-32.5,-262,0,2,162305,2,90,303
162448,2,5,90,321, False,-32.5,-294.5,0,2,162476,2,90,321
162650,2,5,90,326, False,-32.5,-327,0,2,162620,2,90,326
162853,2,52,90,273, False,14.5,0,47,2,162791,3,90,221
163056,2,61,90,281, False,23.5,23.5,9,2,163095,3,90,321
163264,2,59,90,326, False,21.5,45,-2,2,163256,3,90,267
163464,3,56,90,286, False,18.5,63.5,-3,2,163448,3,90,236
163664,3,30,90,321, False,-7.5,0,-26,2,163625,3,90,235
163865,3,7,90,281, False,-30.5,-30.5,-23,2,163802,3,90,278
164074,3,4,90,326, False,-33.5,-64,-3,2,164120,3,90,229
164274,3,4,90,320, False,-33.5,-97.5,0,2,164266,3,90,217
164474,3,8,90,321, False,-29.5,-127,4,2,164430,3,90,267
164675,3,4,90,326, False,-33.5,-160.5,-4,2,164693,3,90,259
164884,3,4,90,326, False,-33.5,-194,0,2,164835,3,90,199
165086,3,4,90,326, False,-33.5,-227.5,0,2,165125,3,90,243
165294,3,4,90,326, False,-33.5,-261,0,2,165255,3,90,205
165504,3,4,90,389, False,-33.5,-294.5,0,2,165533,3,90,304
165708,3,4,90,2550, False,-33.5,-328,0,2,165671,3,90,191
165909,3,19,90,2550, False,-18.5,-346.5,15,2,165946,3,90,197
166114,3,5,90,2550, False,-32.5,-379,-14,2,166101,3,90,203
166317,3,5,90,2550, False,-32.5,-411.5,0,2,166384,3,90,321
166517,3,4,90,2550, False,-33.5,-445,-1,2,166521,3,90,259
166718,3,3,90,1953, False,-34.5,-479.5,-1,2,166684,3,90,183
166925,3,5,90,2550, False,-32.5,-512,2,2,166982,3,90,183
167125,3,5,90,2550, False,-32.5,-544.5,0,2,167128,3,90,173
167326,0,58,94.5,2550, False,20.5,0,53,2,167265,3,90,181
167527,0,56,99.225,2550, False,18.5,18.5,-2,2,167569,3,90,2550
167728,0,56,104.18625,2550, False,18.5,37,0,2,167726,3,90,164
167929,0,60,109.3955625,2550, False,22.5,59.5,4,2,167871,3,90,1387
168133,0,59,114.8653406,2550, False,21.5,81,-1,2,168171,3,90,1387
168336,0,59,120.6086077,2550, False,21.5,102.5,0,2,168352,3,90,2550
168544,0,62,90,2550, False,24.5,127,3,2,168526,3,90,2550
168764,0,64,90,2550, False,26.5,153.5,2,2,168671,3,90,1603
168967,0,64,90,347, False,26.5,180,0,2,168974,0,99.22499847,1262
169167,0,64,90,384, False,26.5,206.5,0,2,169123,0,104.1862488,1563
169374,0,66,90,302, False,28.5,235,2,2,169282,0,109.3955612,1680
169584,0,49,90,296, False,11.5,246.5,-17,2,169583,0,90,1505
169794,0,15,90,326, False,-22.5,0,-34,2,169721,0,90,173
170008,0,4,90,297, False,-33.5,-33.5,-11,2,170031,0,90,183
170208,0,4,94.5,326, False,-33.5,-67,0,2,170183,0,90,298
170408,0,4,90,297, False,-33.5,-100.5,0,2,170353,0,90,179
170608,0,5,90,326, False,-32.5,-133,1,2,170526,0,90,207
170816,0,5,90,321, False,-32.5,-165.5,0,2,170835,0,0,183
171025,0,59,90,326, False,21.5,0,54,2,170960,0,0,197
171234,0,61,90,247, False,23.5,23.5,2,2,171260,0,0,211
171446,0,24,90,198, False,-13.5,0,-37,2,171395,0,0,221
171646,0,55,90,195, False,17.5,0,31,2,171666,0,0,259
171846,0,59,90,225, False,21.5,21.5,4,2,171791,0,0,326
172046,0,38,90,203, True,21.5,21.5,4,2,172054,0,90,321
172254,0,31,90,213, True,21.5,21.5,4,2,172330,0,90,321
172454,0,38,90,204, True,21.5,21.5,4,2,172474,0,90,321
172655,0,38,90,243, True,21.5,21.5,4,2,172643,0,90,347
172863,0,38,90,251, True,21.5,21.5,4,2,172906,0,99.22499847,1179
173064,0,38,90,273, True,21.5,21.5,4,2,173051,0,104.1862488,1246
173265,0,38,94.5,326, False,0.5,0,-21,2,173191,0,109.3955612,347
173465,0,52,99.225,329, False,14.5,14.5,14,2,173473,0,90,338
173667,0,43,104.18625,326, False,5.5,0,-9,2,173650,0,90,338
173868,0,41,109.3955625,321, False,3.5,0,-2,2,173781,0,90,349
174072,0,49,114.8653406,334, False,11.5,11.5,8,2,174056,0,90,340
174279,0,22,120.6086077,321, False,-15.5,0,-27,2,174324,0,99.22499847,1662
174485,0,59,126.639038,326, False,21.5,0,37,2,174451,0,104.1862488,1627
174686,0,48,132.9709899,321, False,10.5,10.5,-11,2,174742,0,90,334
174887,0,17,139.6195394,326, False,-20.5,0,-31,2,174876,0,90,1573
175098,0,61,90,296, False,23.5,0,44,2,175161,0,90,321
175298,0,44,94.5,326, False,6.5,0,-17,2,175301,0,90,303
175504,0,16,90,282, False,-21.5,0,-28,2,175442,0,90,326
175705,0,60,90,288, False,22.5,0,44,2,175721,0,90,326
175907,0,55,94.5,324, False,17.5,17.5,-5,2,175983,0,90,2550
176108,0,6,99.225,326, False,-31.5,0,-49,2,176134,0,99.22499847,389
176314,0,57,104.18625,321, False,19.5,0,51,2,176262,0,90,2550
176534,0,41,109.3955625,329, False,3.5,0,-16,2,176531,0,90,391
176738,0,22,114.8653406,326, False,-15.5,0,-19,2,176694,0,94.5,392
176939,0,66,120.6086077,321, False,28.5,0,44,2,176974,0,99.22499847,348
177143,0,67,126.639038,1328, False,29.5,29.5,1,2,177114,0,109.3955612,389
177344,0,68,132.9709899,326, False,30.5,60,1,2,177275,0,114.8653412,329
177544,0,64,139.6195394,326, False,26.5,86.5,-4,2,177575,0,90,321
177745,0,61,146.6005164,326, False,23.5,110,-3,2,177745,0,90,321
177945,0,59,90,326, False,21.5,131.5,-2,2,177916,0,90,321
178146,0,63,90,1648, False,25.5,157,4,2,178071,0,90,326
178346,0,8,90,326, False,-29.5,0,-55,2,178265,0,90,340
178549,0,71,90,267, False,33.5,0,63,2,178593,0,99.22499847,376
178754,0,76,94.5,1579, False,38.5,38.5,5,2,178742,0,104.1862488,349
178957,0,10,90,273, False,-27.5,0,-66,2,178880,0,109.3955612,355
179158,0,61,94.5,330, False,23.5,0,51,2,179143,0,120.6086044,385
179358,0,66,99.225,2550, False,28.5,28.5,5,2,179296,0,126.6390381,385
179558,0,65,104.18625,326, False,27.5,56,-1,2,179586,0,132.970993,357
179759,0,57,109.3955625,326, False,19.5,75.5,-8,2,179745,0,146.6005096,412
179965,0,56,114.8653406,326, False,18.5,94,-1,2,179900,0,153.930542,384
180175,0,46,120.6086077,321, False,8.5,0,-10,2,180201,0,165,338
180386,0,61,126.639038,336, False,23.5,23.5,15,2,180471,0,165,353
180605,0,66,132.9709899,326, False,28.5,52,5,2,180632,0,90,330
180817,0,66,139.6195394,326, False,28.5,80.5,0,2,180785,0,90,349
181024,0,72,146.6005164,340, False,34.5,115,6,2,181066,0,90,328
181234,0,60,90,273, False,22.5,137.5,-12,2,181223,0,94.5,330
181435,0,55,90,271, False,17.5,155,-5,2,181512,0,90,349
181639,0,42,90,267, False,4.5,0,-13,2,181656,0,99.22499847,370
181840,0,31,90,273, False,-6.5,0,-11,2,181785,0,104.1862488,372
182048,0,54,90,296, True,-6.5,0,-11,2,182061,0,114.8653412,391
182253,0,60,90,281, True,-6.5,0,-11,2,182330,0,120.6086044,393
182454,0,61,94.5,326, False,23.5,0,30,2,182471,0,132.970993,385
182655,0,60,99.225,329, False,22.5,22.5,-1,2,182614,0,139.6195374,428
182856,0,41,104.18625,349, False,3.5,0,-19,2,182763,0,146.6005096,393
183063,0,45,109.3955625,384, False,7.5,0,4,2,183031,0,161.6270752,365
183266,0,51,114.8653406,355, False,13.5,13.5,6,2,183168,0,165,454
183467,0,30,120.6086077,384, False,-7.5,0,-21,2,183485,0,165,393
183673,0,50,126.639038,392, False,12.5,0,20,2,183632,0,165,349
183878,0,20,132.9709899,416, False,-17.5,0,-30,2,183937,0,165,353
184078,0,46,139.6195394,399, False,8.5,0,26,2,184095,0,165,334
184283,0,45,146.6005164,391, False,7.5,0,-1,2,184236,0,165,364
184485,0,26,153.9305422,393, False,-11.5,0,-19,2,184523,0,90,349
184687,0,52,161.6270693,408, False,14.5,0,26,2,184682,0,94.5,330
184891,0,28,165,357, False,-9.5,0,-24,2,184965,0,90,338
185093,0,42,165,370, False,4.5,0,14,2,185125,0,99.22499847,347
185294,0,40,165,355, False,2.5,0,-2,2,185293,0,104.1862488,338
185505,0,37,165,347, False,-0.5,0,-3,2,185583,0,109.3955612,404
185707,0,36,165,321, False,-1.5,0,-1,2,185745,0,120.6086044,370
185907,0,34,165,322, False,-3.5,0,-2,2,185885,0,126.6390381,462
186108,0,45,165,321, False,7.5,0,11,2,186049,0,132.970993,365
186309,0,33,165,321, False,-4.5,0,-12,2,186334,0,146.6005096,357
186514,0,44,90,298, False,6.5,0,11,2,186504,0,153.930542,416
186718,0,54,94.5,320, False,16.5,16.5,10,2,186660,0,161.6270752,376
186926,0,9,99.225,326, False,-28.5,0,-45,2,186969,0,165,374
187128,0,47,104.18625,336, False,9.5,0,38,2,187105,0,165,404
187329,0,57,109.3955625,348, False,19.5,19.5,10,2,187263,0,165,1337
187529,0,10,114.8653406,370, False,-27.5,0,-47,2,187531,0,165,1282
187736,0,53,120.6086077,483, False,15.5,0,43,2,187682,0,165,1271
187936,0,45,126.639038,392, False,7.5,0,-8,2,187974,0,165,1234
188146,0,24,132.9709899,384, False,-13.5,0,-21,2,188104,0,90,1189
188348,0,52,139.6195394,393, False,14.5,0,28,2,188395,0,90,1171
188549,0,38,146.6005164,370, False,0.5,0,-14,2,188561,0,90,340
188756,0,26,153.9305422,392, False,-11.5,0,-12,2,188732,0,90,348
188957,0,49,161.6270693,362, False,11.5,0,23,2,189023,0,90,326
189158,0,44,165,334, False,6.5,0,-5,2,189172,0,90,330
189363,0,24,165,303, False,-13.5,0,-20,2,189323,0,94.5,376
189564,0,54,165,326, False,16.5,0,30,2,189605,0,104.1862488,1797
189774,0,25,165,326, False,-12.5,0,-29,2,189751,0,109.3955612,1115
189976,0,44,165,326, False,6.5,0,19,2,189921,0,114.8653412,1763
190176,0,43,165,326, False,5.5,0,-1,2,190215,0,126.6390381,1763
190376,0,22,165,326, False,-15.5,0,-21,2,190354,0,132.970993,1763
190579,0,63,165,1322, False,25.5,0,41,2,190645,0,90,420
190786,0,66,165,1282, False,28.5,28.5,3,2,190802,0,90,404
190987,0,68,165,326, False,30.5,59,2,2,190954,0,90,418
191188,0,67,165,1227, False,29.5,88.5,-1,2,191226,0,99.22499847,460
191388,0,65,165,1174, False,27.5,116,-2,2,191365,0,104.1862488,464
191598,0,73,90,326, False,35.5,151.5,8,2,191630,0,114.8653412,447
191803,0,67,90,1164, False,29.5,181,-6,2,191776,0,90,420
192003,0,70,90,2550, False,32.5,213.5,3,2,192052,0,90,439
192204,0,72,90,199, False,34.5,248,2,2,192191,0,90,446
192414,0,6,90,2550, False,-31.5,0,-66,2,192491,0,94.5,448
192614,0,5,94.5,2550, False,-32.5,-32.5,-1,2,192651,0,104.1862488,471
192824,0,10,90,191, False,-27.5,-60,5,2,192788,0,109.3955612,473
193033,0,48,90,203, False,10.5,0,38,2,192965,0,114.8653412,490
193254,0,43,90,227, False,5.5,0,-5,2,193255,0,126.6390381,479
193455,0,31,90,227, False,-6.5,0,-12,2,193396,0,132.970993,498
193660,0,55,94.5,326, False,17.5,0,24,2,193695,0,139.6195374,475
193864,0,61,99.225,1671, False,23.5,23.5,6,2,193827,0,153.930542,473
194068,0,65,104.18625,321, False,27.5,51,4,2,193964,0,161.6270752,456
194268,0,63,109.3955625,326, False,25.5,76.5,-2,2,194264,0,165,462
194468,0,54,114.8653406,321, False,16.5,93,-9,2,194396,0,165,448
194672,0,55,120.6086077,320, False,17.5,110.5,1,2,194704,0,165,445
194875,0,62,90,326, False,24.5,135,7,2,194842,0,165,437
195076,0,47,90,321, False,9.5,0,-15,2,195001,0,165,420
195276,0,27,94.5,374, False,-10.5,0,-20,2,195306,0,165,425
195476,0,61,99.225,362, False,23.5,0,34,2,195442,0,165,412
195677,0,58,104.18625,372, False,20.5,20.5,-3,2,195747,0,165,412
195878,0,33,109.3955625,348, False,-4.5,0,-25,2,195906,0,165,361
196080,0,51,114.8653406,361, False,13.5,0,18,2,196162,0,165,374
196284,0,45,120.6086077,391, False,7.5,0,-6,2,196316,0,165,382
196486,0,42,126.639038,455, False,4.5,0,-3,2,196453,0,165,372
196694,0,54,132.9709899,439, False,16.5,16.5,12,2,196724,0,165,338
196907,0,32,139.6195394,418, False,-5.5,0,-22,2,196861,0,165,376
197108,0,38,146.6005164,401, False,0.5,0,6,2,197154,0,90,326
197309,0,41,153.9305422,443, False,3.5,0,3,2,197316,0,90,330
197513,0,34,161.6270693,385, False,-3.5,0,-7,2,197472,0,90,329
197719,0,39,165,401, False,1.5,0,5,2,197761,0,94.5,374
197923,0,41,165,416, False,3.5,0,2,2,197904,0,99.22499847,361
198124,0,39,165,370, False,1.5,0,-2,2,198036,0,104.1862488,338
198325,0,36,165,357, False,-1.5,0,-3,2,198341,0,114.8653412,347
198525,0,37,165,361, False,-0.5,0,1,2,198481,0,120.6086044,321
198727,0,37,165,321, False,-0.5,0,0,2,198631,0,90,336
198928,0,41,165,308, False,3.5,0,4,2,198933,0,99.22499847,326
199132,0,50,90,289, False,12.5,12.5,9,2,199086,0,90,321
199346,0,24,94.5,321, False,-13.5,0,-26,2,199381,0,90,321
199556,0,45,99.225,321, False,7.5,0,21,2,199512,0,94.5,321
199756,0,33,90,281, False,-4.5,0,-12,2,199785,0,90,326
199964,0,42,90,290, False,4.5,0,9,2,199924,0,90,324
200165,0,33,94.5,303, False,-4.5,0,-9,2,200231,0,90,329
200365,0,37,90,286, False,-0.5,0,4,2,200392,0,94.5,389
200566,0,40,90,281, False,2.5,0,3,2,200528,0,99.22499847,329
200766,0,39,94.5,321, False,1.5,0,-1,2,200821,0,90,326
200966,0,42,99.225,321, False,4.5,0,3,2,200955,0,94.5,2332
201168,0,41,90,282, False,3.5,0,-1,2,201244,0,99.22499847,384
201368,0,34,94.5,321, False,-3.5,0,-7,2,201403,0,90,348
201570,0,38,90,294, False,0.5,0,4,2,201542,0,94.5,1273
201775,0,38,90,279, False,0.5,0,0,2,201831,0,99.22499847,1290
201976,0,35,94.5,321, False,-2.5,0,-3,2,201975,0,109.3955612,2253
202178,0,40,99.225,326, False,2.5,0,5,2,202108,0,114.8653412,347
202378,0,39,104.18625,321, False,1.5,0,-1,2,202424,0,126.6390381,2216
202579,0,37,109.3955625,321, False,-0.5,0,-2,2,202572,0,90,1145
202783,0,36,114.8653406,326, False,-1.5,0,-1,2,202722,0,90,1148
202984,0,39,120.6086077,321, False,1.5,0,3,2,203033,0,90,873
203185,0,45,126.639038,326, False,7.5,0,6,2,203165,0,90,326
203386,0,26,132.9709899,302, False,-11.5,0,-19,2,203446,0,90,321
203586,0,48,139.6195394,302, False,10.5,0,22,2,203601,0,90,329
203794,0,24,146.6005164,326, False,-13.5,0,-24,2,203742,0,90,362
204005,0,58,153.9305422,326, False,20.5,0,34,2,204033,0,94.5,357
204206,0,31,161.6270693,326, False,-6.5,0,-27,2,204172,0,104.1862488,357
204406,0,23,165,321, False,-14.5,-14.5,-8,2,204315,0,109.3955612,971
204608,0,54,165,340, False,16.5,0,31,2,204611,0,120.6086044,968
204808,0,59,165,2306, False,21.5,21.5,5,2,204761,0,126.6390381,338
205008,0,52,165,326, False,14.5,36,-7,2,205062,0,90,365
205208,0,54,165,326, False,16.5,52.5,2,2,205202,0,90,321
205409,0,59,165,326, False,21.5,74,5,2,205482,0,90,321
205616,0,63,165,1464, False,25.5,99.5,4,2,205617,0,90,365
205818,0,63,165,2550, False,25.5,125,0,2,205751,0,94.5,340
206018,0,64,90,2550, False,26.5,151.5,1,2,206046,0,90,321
206223,0,65,90,1074, False,27.5,179,1,2,206204,0,90,349
206424,0,72,90,1038, False,34.5,213.5,7,2,206501,0,90,326
206625,0,63,90,1030, False,25.5,239,-9,2,206661,0,94.5,336
206826,0,34,90,1014, False,-3.5,0,-29,2,206801,0,90,321
207033,0,8,90,149, False,-29.5,-29.5,-26,2,207073,0,90,326
207233,0,45,94.5,2550, False,7.5,0,37,2,207213,0,90,364
207435,0,59,99.225,2550, False,21.5,21.5,14,2,207488,0,94.5,376
207639,0,13,90,139, False,-24.5,0,-46,2,207626,0,90,345
207845,0,62,94.5,2550, False,24.5,0,49,2,207771,0,94.5,345
208046,0,63,99.225,2550, False,25.5,25.5,1,2,208081,0,104.1862488,380
208247,0,68,104.18625,2550, False,30.5,56,5,2,208225,0,109.3955612,340
208447,0,66,90,139, False,28.5,84.5,-2,2,208506,0,120.6086044,349
208648,0,57,90,139, False,19.5,104,-9,2,208651,0,126.6390381,347
208855,0,29,90,166, False,-8.5,0,-28,2,208811,0,132.970993,340
209063,0,63,94.5,2550, False,25.5,0,34,2,209101,0,146.6005096,338
209264,0,59,90,179, False,21.5,21.5,-4,2,209224,0,153.930542,330
209473,0,58,90,197, False,20.5,42,-1,2,209531,0,90,340
209678,0,60,94.5,418, False,22.5,64.5,2,2,209663,0,90,357
209894,0,59,90,173, False,21.5,86,-1,2,209927,0,99.22499847,420
210094,0,49,90,166, False,11.5,97.5,-10,2,210071,0,104.1862488,355
210294,0,17,90,166, False,-20.5,0,-32,2,210363,0,109.3955612,389
210495,0,44,90,184, False,6.5,0,27,2,210501,0,120.6086044,403
210696,0,49,94.5,2550, False,11.5,11.5,5,2,210663,0,126.6390381,364
210896,0,20,90,236, False,-17.5,0,-29,2,210941,0,139.6195374,412
211096,0,50,90,197, False,12.5,0,30,2,211084,0,146.6005096,416
211314,0,53,90,247, False,15.5,15.5,3,2,211233,0,153.930542,349
211515,0,12,90,273, False,-25.5,0,-41,2,211534,0,165,334
211716,0,52,94.5,326, False,14.5,0,40,2,211673,0,165,328
211917,0,60,99.225,326, False,22.5,22.5,8,2,211952,0,90,340
212124,0,8,104.18625,326, False,-29.5,0,-52,2,212103,0,94.5,374
212334,0,53,90,278, False,15.5,0,45,2,212280,0,99.22499847,365
212534,0,62,94.5,321, False,24.5,24.5,9,2,212555,0,109.3955612,357
212735,0,27,99.225,321, False,-10.5,0,-35,2,212713,0,114.8653412,387
212944,0,45,90,281, False,7.5,0,18,2,212983,0,126.6390381,392
213144,0,46,94.5,322, False,8.5,0,1,2,213131,0,132.970993,376
213345,0,28,99.225,321, False,-9.5,0,-18,2,213291,0,139.6195374,399
213546,0,49,104.18625,321, False,11.5,0,21,2,213574,0,153.930542,365
213746,0,29,109.3955625,326, False,-8.5,0,-20,2,213716,0,161.6270752,401
213947,0,46,114.8653406,328, False,8.5,0,17,2,213867,0,165,366
214148,0,26,120.6086077,372, False,-11.5,0,-20,2,214156,0,165,374
214348,0,47,126.639038,357, False,9.5,0,21,2,214312,0,165,345
214548,0,41,132.9709899,391, False,3.5,0,-6,2,214592,0,165,330
214748,0,36,139.6195394,353, False,-1.5,0,-5,2,214755,0,90,326
214951,0,38,146.6005164,348, False,0.5,0,2,2,214905,0,90,329
215157,0,37,153.9305422,330, False,-0.5,0,-1,2,215071,0,90,404
215365,0,34,161.6270693,321, False,-3.5,0,-3,2,215385,0,99.22499847,340
215565,0,44,165,322, False,6.5,0,10,2,215524,0,104.1862488,372
215766,0,36,165,326, False,-1.5,0,-8,2,215682,0,109.3955612,2550
215974,0,37,90,281, False,-0.5,0,1,2,215983,0,120.6086044,1585
216174,0,48,94.5,321, False,10.5,0,11,2,216135,0,126.6390381,410
216376,0,35,99.225,321, False,-2.5,0,-13,2,216286,0,132.970993,411
216594,0,33,104.18625,308, False,-4.5,0,-2,2,216571,0,146.6005096,1450
216797,0,44,109.3955625,326, False,6.5,0,11,2,216844,0,161.6270752,1450
217002,0,31,114.8653406,334, False,-6.5,0,-13,2,216974,0,165,2550
217207,0,41,120.6086077,321, False,3.5,0,10,2,217253,0,90,2550
217415,0,42,126.639038,328, False,4.5,0,1,2,217403,0,90,2550
217619,0,32,132.9709899,338, False,-5.5,0,-10,2,217672,0,90,2550
217823,0,45,139.6195394,321, False,7.5,0,13,2,217822,0,90,418
218033,0,31,146.6005164,304, False,-6.5,0,-14,2,217974,0,94.5,428
218235,0,37,90,290, False,-0.5,0,6,2,218255,0,104.1862488,2550
218444,0,45,94.5,322, False,7.5,0,8,2,218404,0,109.3955612,1702
218644,0,23,99.225,329, False,-14.5,0,-22,2,218693,0,90,464
218847,0,46,104.18625,326, False,8.5,0,23,2,218841,0,90,481
219057,0,35,109.3955625,416, False,-2.5,0,-11,2,218974,0,94.5,2550
219258,0,33,114.8653406,321, False,-4.5,0,-2,2,219283,0,104.1862488,2550
219458,0,48,120.6086077,321, False,10.5,0,15,2,219418,0,109.3955612,2550
219658,0,19,126.639038,321, False,-18.5,0,-29,2,219696,0,120.6086044,2550
219859,0,54,132.9709899,321, False,16.5,0,35,2,219846,0,126.6390381,483
220066,0,60,139.6195394,1517, False,22.5,22.5,6,2,219991,0,132.970993,474
220267,0,52,146.6005164,1478, False,14.5,37,-8,2,220311,0,146.6005096,446
220474,0,61,153.9305422,1466, False,23.5,60.5,9,2,220459,0,153.930542,443
220678,0,60,161.6270693,2550, False,22.5,83,-1,2,220601,0,90,443
220879,0,59,165,2550, False,21.5,104.5,-1,2,220931,0,90,446
221080,0,60,90,340, False,22.5,127,1,2,221091,0,90,446
221284,0,61,90,2550, False,23.5,150.5,1,2,221234,0,94.5,460
221484,0,67,90,326, False,29.5,180,6,2,221546,0,99.22499847,496
221685,0,67,90,357, False,29.5,209.5,0,2,221702,0,109.3955612,500
221894,0,9,90,287, False,-28.5,0,-58,2,221833,0,114.8653412,464
222096,0,8,94.5,321, False,-29.5,-29.5,-1,2,222141,0,126.6390381,481
222297,0,44,99.225,2550, False,6.5,0,36,2,222293,0,132.970993,509
222498,0,42,104.18625,326, False,4.5,0,-2,2,222453,0,139.6195374,473
222699,0,41,109.3955625,326, False,3.5,0,-1,2,222751,0,146.6005096,500
222903,0,63,114.8653406,2550, False,25.5,25.5,22,2,222887,0,161.6270752,479
223109,0,64,120.6086077,374, False,26.5,52,1,2,223024,0,165,488
223313,0,58,126.639038,2550, False,20.5,72.5,-6,2,223321,0,165,471
223515,0,66,132.9709899,410, False,28.5,101,8,2,223585,0,165,321
223718,0,61,90,355, False,23.5,124.5,-5,2,223741,0,94.5,439
223923,0,45,90,328, False,7.5,0,-16,2,223881,0,99.22499847,452
224124,0,61,94.5,329, False,23.5,23.5,16,2,224146,0,109.3955612,425
224325,0,69,99.225,355, False,31.5,55,8,2,224285,0,114.8653412,433
224534,0,66,104.18625,355, False,28.5,83.5,-3,2,224583,0,126.6390381,403
224734,0,29,109.3955625,355, False,-8.5,0,-37,2,224733,0,132.970993,384
224936,0,57,114.8653406,355, False,19.5,0,28,2,224886,0,139.6195374,456
225154,0,61,120.6086077,370, False,23.5,23.5,4,2,225182,0,146.6005096,397
225373,0,59,126.639038,364, False,21.5,45,-2,2,225321,0,161.6270752,366
225574,0,48,132.9709899,376, False,10.5,55.5,-11,2,225621,0,165,338
225774,0,30,139.6195394,355, False,-7.5,0,-18,2,225775,0,90,340
225974,0,57,146.6005164,376, False,19.5,0,27,2,225930,0,94.5,429
226176,0,20,153.9305422,349, False,-17.5,0,-37,2,226201,0,104.1862488,334
226383,0,41,161.6270693,345, False,3.5,0,21,2,226361,0,90,326
226587,0,46,165,321, False,8.5,0,5,2,226621,0,90,340
226787,0,41,165,384, False,3.5,0,-5,2,226761,0,94.5,326
226988,0,35,165,302, False,-2.5,0,-6,2,227034,0,90,328
227199,0,52,90,288, False,14.5,0,17,2,227199,0,90,321
227399,0,45,90,294, False,7.5,0,-7,2,227455,0,90,321
227603,0,19,94.5,326, False,-18.5,0,-26,2,227623,0,90,321
227803,0,53,99.225,326, False,15.5,0,34,2,227771,0,90,340
228006,0,41,104.18625,326, False,3.5,0,-12,2,228066,0,94.5,357
228206,0,26,90,282, False,-11.5,0,-15,2,228203,0,90,334
228407,0,46,90,276, False,8.5,0,20,2,228374,0,94.5,349
228608,0,39,94.5,326, False,1.5,0,-7,2,228662,0,99.22499847,329
228810,0,33,90,289, False,-4.5,0,-6,2,228816,0,90,404
229016,0,44,90,273, False,6.5,0,11,2,228966,0,94.5,329
229216,0,35,94.5,321, False,-2.5,0,-9,2,229104,0,90,329
229418,0,50,90,282, False,12.5,0,15,2,229461,0,90,365
229618,0,30,90,297, False,-7.5,0,-20,2,229626,0,99.22499847,326
229819,0,43,90,281, False,5.5,0,13,2,229775,0,90,328
230034,0,35,90,273, False,-2.5,0,-8,2,230054,0,94.5,365
230237,0,41,94.5,326, False,3.5,0,6,2,230212,0,99.22499847,328
230438,0,40,90,288, False,2.5,0,-1,2,230492,0,90,420
230638,0,30,90,280, False,-7.5,0,-10,2,230642,0,99.22499847,326
230838,0,47,94.5,326, False,9.5,0,17,2,230804,0,90,334
231038,0,32,99.225,326, False,-5.5,0,-15,2,230961,0,94.5,347
231239,0,34,90,281, False,-3.5,0,2,2,231236,0,104.1862488,425
231439,0,52,90,278, False,14.5,0,18,2,231381,0,109.3955612,425
231644,0,17,94.5,321, False,-20.5,0,-35,2,231665,0,114.8653412,348
231845,0,47,99.225,321, False,9.5,0,30,2,231813,0,126.6390381,1324
232046,0,50,104.18625,304, False,12.5,12.5,3,2,232000,0,132.970993,902
232247,0,17,109.3955625,326, False,-20.5,0,-33,2,232172,0,139.6195374,1271
232447,0,55,114.8653406,326, False,17.5,0,38,2,232328,0,146.6005096,2550
232647,0,62,120.6086077,326, False,24.5,24.5,7,2,232328,0,146.6005096,2550
232847,0,5,126.639038,321, False,-32.5,0,-57,2,232328,0,146.6005096,2550
233048,0,47,132.9709899,326, False,9.5,0,42,2,232328,0,146.6005096,2550
233248,0,55,139.6195394,303, False,17.5,17.5,8,2,232328,0,146.6005096,2550
233449,0,19,146.6005164,303, False,-18.5,0,-36,2,232328,0,146.6005096,2550
